model,cats,norm,metric,k,setting,seed,splits,repeats,split,accuracy
Decision tree,False,False,-,0,"cats off, norm off",0,5,6,0,0.8888888888888888
Decision tree,False,False,-,0,"cats off, norm off",0,5,6,1,0.7924528301886793
Decision tree,False,False,-,0,"cats off, norm off",0,5,6,2,0.8113207547169812
Decision tree,False,False,-,0,"cats off, norm off",0,5,6,3,0.7169811320754716
Decision tree,False,False,-,0,"cats off, norm off",0,5,6,4,0.8867924528301887
Decision tree,False,False,-,0,"cats off, norm off",0,5,6,5,0.8703703703703703
Decision tree,False,False,-,0,"cats off, norm off",0,5,6,6,0.8301886792452831
Decision tree,False,False,-,0,"cats off, norm off",0,5,6,7,0.8490566037735849
Decision tree,False,False,-,0,"cats off, norm off",0,5,6,8,0.8867924528301887
Decision tree,False,False,-,0,"cats off, norm off",0,5,6,9,0.8490566037735849
Decision tree,False,False,-,0,"cats off, norm off",0,5,6,10,0.8888888888888888
Decision tree,False,False,-,0,"cats off, norm off",0,5,6,11,0.8679245283018868
Decision tree,False,False,-,0,"cats off, norm off",0,5,6,12,0.9056603773584906
Decision tree,False,False,-,0,"cats off, norm off",0,5,6,13,0.9056603773584906
Decision tree,False,False,-,0,"cats off, norm off",0,5,6,14,0.8113207547169812
Decision tree,False,False,-,0,"cats off, norm off",0,5,6,15,0.8703703703703703
Decision tree,False,False,-,0,"cats off, norm off",0,5,6,16,0.7924528301886793
Decision tree,False,False,-,0,"cats off, norm off",0,5,6,17,0.8490566037735849
Decision tree,False,False,-,0,"cats off, norm off",0,5,6,18,0.8301886792452831
Decision tree,False,False,-,0,"cats off, norm off",0,5,6,19,0.8867924528301887
Decision tree,False,False,-,0,"cats off, norm off",0,5,6,20,0.8703703703703703
Decision tree,False,False,-,0,"cats off, norm off",0,5,6,21,0.7735849056603774
Decision tree,False,False,-,0,"cats off, norm off",0,5,6,22,0.7924528301886793
Decision tree,False,False,-,0,"cats off, norm off",0,5,6,23,0.8679245283018868
Decision tree,False,False,-,0,"cats off, norm off",0,5,6,24,0.8867924528301887
Decision tree,False,False,-,0,"cats off, norm off",0,5,6,25,0.8148148148148148
Decision tree,False,False,-,0,"cats off, norm off",0,5,6,26,0.8679245283018868
Decision tree,False,False,-,0,"cats off, norm off",0,5,6,27,0.9056603773584906
Decision tree,False,False,-,0,"cats off, norm off",0,5,6,28,0.8679245283018868
Decision tree,False,False,-,0,"cats off, norm off",0,5,6,29,0.7735849056603774
Decision tree,False,True,-,0,"cats off, norm on",0,5,6,0,0.8888888888888888
Decision tree,False,True,-,0,"cats off, norm on",0,5,6,1,0.7924528301886793
Decision tree,False,True,-,0,"cats off, norm on",0,5,6,2,0.8113207547169812
Decision tree,False,True,-,0,"cats off, norm on",0,5,6,3,0.7169811320754716
Decision tree,False,True,-,0,"cats off, norm on",0,5,6,4,0.9056603773584906
Decision tree,False,True,-,0,"cats off, norm on",0,5,6,5,0.8888888888888888
Decision tree,False,True,-,0,"cats off, norm on",0,5,6,6,0.8301886792452831
Decision tree,False,True,-,0,"cats off, norm on",0,5,6,7,0.8490566037735849
Decision tree,False,True,-,0,"cats off, norm on",0,5,6,8,0.8867924528301887
Decision tree,False,True,-,0,"cats off, norm on",0,5,6,9,0.8490566037735849
Decision tree,False,True,-,0,"cats off, norm on",0,5,6,10,0.8888888888888888
Decision tree,False,True,-,0,"cats off, norm on",0,5,6,11,0.8679245283018868
Decision tree,False,True,-,0,"cats off, norm on",0,5,6,12,0.9056603773584906
Decision tree,False,True,-,0,"cats off, norm on",0,5,6,13,0.9056603773584906
Decision tree,False,True,-,0,"cats off, norm on",0,5,6,14,0.8113207547169812
Decision tree,False,True,-,0,"cats off, norm on",0,5,6,15,0.8703703703703703
Decision tree,False,True,-,0,"cats off, norm on",0,5,6,16,0.7924528301886793
Decision tree,False,True,-,0,"cats off, norm on",0,5,6,17,0.8679245283018868
Decision tree,False,True,-,0,"cats off, norm on",0,5,6,18,0.8301886792452831
Decision tree,False,True,-,0,"cats off, norm on",0,5,6,19,0.8867924528301887
Decision tree,False,True,-,0,"cats off, norm on",0,5,6,20,0.8703703703703703
Decision tree,False,True,-,0,"cats off, norm on",0,5,6,21,0.7735849056603774
Decision tree,False,True,-,0,"cats off, norm on",0,5,6,22,0.7735849056603774
Decision tree,False,True,-,0,"cats off, norm on",0,5,6,23,0.8679245283018868
Decision tree,False,True,-,0,"cats off, norm on",0,5,6,24,0.8867924528301887
Decision tree,False,True,-,0,"cats off, norm on",0,5,6,25,0.8333333333333334
Decision tree,False,True,-,0,"cats off, norm on",0,5,6,26,0.8679245283018868
Decision tree,False,True,-,0,"cats off, norm on",0,5,6,27,0.9056603773584906
Decision tree,False,True,-,0,"cats off, norm on",0,5,6,28,0.8679245283018868
Decision tree,False,True,-,0,"cats off, norm on",0,5,6,29,0.7735849056603774
Decision tree,True,False,-,0,"cats on, norm off",0,5,6,0,0.9259259259259259
Decision tree,True,False,-,0,"cats on, norm off",0,5,6,1,0.8301886792452831
Decision tree,True,False,-,0,"cats on, norm off",0,5,6,2,0.8679245283018868
Decision tree,True,False,-,0,"cats on, norm off",0,5,6,3,0.7358490566037735
Decision tree,True,False,-,0,"cats on, norm off",0,5,6,4,0.8301886792452831
Decision tree,True,False,-,0,"cats on, norm off",0,5,6,5,0.8703703703703703
Decision tree,True,False,-,0,"cats on, norm off",0,5,6,6,0.8301886792452831
Decision tree,True,False,-,0,"cats on, norm off",0,5,6,7,0.8490566037735849
Decision tree,True,False,-,0,"cats on, norm off",0,5,6,8,0.8679245283018868
Decision tree,True,False,-,0,"cats on, norm off",0,5,6,9,0.8490566037735849
Decision tree,True,False,-,0,"cats on, norm off",0,5,6,10,0.8148148148148148
Decision tree,True,False,-,0,"cats on, norm off",0,5,6,11,0.8867924528301887
Decision tree,True,False,-,0,"cats on, norm off",0,5,6,12,0.8867924528301887
Decision tree,True,False,-,0,"cats on, norm off",0,5,6,13,0.8867924528301887
Decision tree,True,False,-,0,"cats on, norm off",0,5,6,14,0.8301886792452831
Decision tree,True,False,-,0,"cats on, norm off",0,5,6,15,0.8518518518518519
Decision tree,True,False,-,0,"cats on, norm off",0,5,6,16,0.7924528301886793
Decision tree,True,False,-,0,"cats on, norm off",0,5,6,17,0.9056603773584906
Decision tree,True,False,-,0,"cats on, norm off",0,5,6,18,0.8490566037735849
Decision tree,True,False,-,0,"cats on, norm off",0,5,6,19,0.8867924528301887
Decision tree,True,False,-,0,"cats on, norm off",0,5,6,20,0.8333333333333334
Decision tree,True,False,-,0,"cats on, norm off",0,5,6,21,0.8113207547169812
Decision tree,True,False,-,0,"cats on, norm off",0,5,6,22,0.8301886792452831
Decision tree,True,False,-,0,"cats on, norm off",0,5,6,23,0.8679245283018868
Decision tree,True,False,-,0,"cats on, norm off",0,5,6,24,0.8867924528301887
Decision tree,True,False,-,0,"cats on, norm off",0,5,6,25,0.8148148148148148
Decision tree,True,False,-,0,"cats on, norm off",0,5,6,26,0.8490566037735849
Decision tree,True,False,-,0,"cats on, norm off",0,5,6,27,0.8867924528301887
Decision tree,True,False,-,0,"cats on, norm off",0,5,6,28,0.8679245283018868
Decision tree,True,False,-,0,"cats on, norm off",0,5,6,29,0.8301886792452831
Decision tree,True,True,-,0,"cats on, norm on",0,5,6,0,0.9259259259259259
Decision tree,True,True,-,0,"cats on, norm on",0,5,6,1,0.8301886792452831
Decision tree,True,True,-,0,"cats on, norm on",0,5,6,2,0.8679245283018868
Decision tree,True,True,-,0,"cats on, norm on",0,5,6,3,0.7358490566037735
Decision tree,True,True,-,0,"cats on, norm on",0,5,6,4,0.8490566037735849
Decision tree,True,True,-,0,"cats on, norm on",0,5,6,5,0.8888888888888888
Decision tree,True,True,-,0,"cats on, norm on",0,5,6,6,0.8301886792452831
Decision tree,True,True,-,0,"cats on, norm on",0,5,6,7,0.8490566037735849
Decision tree,True,True,-,0,"cats on, norm on",0,5,6,8,0.8679245283018868
Decision tree,True,True,-,0,"cats on, norm on",0,5,6,9,0.8490566037735849
Decision tree,True,True,-,0,"cats on, norm on",0,5,6,10,0.8148148148148148
Decision tree,True,True,-,0,"cats on, norm on",0,5,6,11,0.8867924528301887
Decision tree,True,True,-,0,"cats on, norm on",0,5,6,12,0.8867924528301887
Decision tree,True,True,-,0,"cats on, norm on",0,5,6,13,0.8679245283018868
Decision tree,True,True,-,0,"cats on, norm on",0,5,6,14,0.8301886792452831
Decision tree,True,True,-,0,"cats on, norm on",0,5,6,15,0.8518518518518519
Decision tree,True,True,-,0,"cats on, norm on",0,5,6,16,0.7924528301886793
Decision tree,True,True,-,0,"cats on, norm on",0,5,6,17,0.9245283018867925
Decision tree,True,True,-,0,"cats on, norm on",0,5,6,18,0.8490566037735849
Decision tree,True,True,-,0,"cats on, norm on",0,5,6,19,0.8867924528301887
Decision tree,True,True,-,0,"cats on, norm on",0,5,6,20,0.8333333333333334
Decision tree,True,True,-,0,"cats on, norm on",0,5,6,21,0.8113207547169812
Decision tree,True,True,-,0,"cats on, norm on",0,5,6,22,0.8113207547169812
Decision tree,True,True,-,0,"cats on, norm on",0,5,6,23,0.8679245283018868
Decision tree,True,True,-,0,"cats on, norm on",0,5,6,24,0.8867924528301887
Decision tree,True,True,-,0,"cats on, norm on",0,5,6,25,0.8333333333333334
Decision tree,True,True,-,0,"cats on, norm on",0,5,6,26,0.8490566037735849
Decision tree,True,True,-,0,"cats on, norm on",0,5,6,27,0.8867924528301887
Decision tree,True,True,-,0,"cats on, norm on",0,5,6,28,0.8679245283018868
Decision tree,True,True,-,0,"cats on, norm on",0,5,6,29,0.8301886792452831
Dummy (most frequent),False,False,-,0,"cats off, norm off",0,5,6,0,0.5
Dummy (most frequent),False,False,-,0,"cats off, norm off",0,5,6,1,0.5094339622641509
Dummy (most frequent),False,False,-,0,"cats off, norm off",0,5,6,2,0.5094339622641509
Dummy (most frequent),False,False,-,0,"cats off, norm off",0,5,6,3,0.5094339622641509
Dummy (most frequent),False,False,-,0,"cats off, norm off",0,5,6,4,0.49056603773584906
Dummy (most frequent),False,False,-,0,"cats off, norm off",0,5,6,5,0.5
Dummy (most frequent),False,False,-,0,"cats off, norm off",0,5,6,6,0.5094339622641509
Dummy (most frequent),False,False,-,0,"cats off, norm off",0,5,6,7,0.5094339622641509
Dummy (most frequent),False,False,-,0,"cats off, norm off",0,5,6,8,0.5094339622641509
Dummy (most frequent),False,False,-,0,"cats off, norm off",0,5,6,9,0.49056603773584906
Dummy (most frequent),False,False,-,0,"cats off, norm off",0,5,6,10,0.5
Dummy (most frequent),False,False,-,0,"cats off, norm off",0,5,6,11,0.5094339622641509
Dummy (most frequent),False,False,-,0,"cats off, norm off",0,5,6,12,0.5094339622641509
Dummy (most frequent),False,False,-,0,"cats off, norm off",0,5,6,13,0.5094339622641509
Dummy (most frequent),False,False,-,0,"cats off, norm off",0,5,6,14,0.49056603773584906
Dummy (most frequent),False,False,-,0,"cats off, norm off",0,5,6,15,0.5
Dummy (most frequent),False,False,-,0,"cats off, norm off",0,5,6,16,0.5094339622641509
Dummy (most frequent),False,False,-,0,"cats off, norm off",0,5,6,17,0.5094339622641509
Dummy (most frequent),False,False,-,0,"cats off, norm off",0,5,6,18,0.5094339622641509
Dummy (most frequent),False,False,-,0,"cats off, norm off",0,5,6,19,0.49056603773584906
Dummy (most frequent),False,False,-,0,"cats off, norm off",0,5,6,20,0.5
Dummy (most frequent),False,False,-,0,"cats off, norm off",0,5,6,21,0.5094339622641509
Dummy (most frequent),False,False,-,0,"cats off, norm off",0,5,6,22,0.5094339622641509
Dummy (most frequent),False,False,-,0,"cats off, norm off",0,5,6,23,0.5094339622641509
Dummy (most frequent),False,False,-,0,"cats off, norm off",0,5,6,24,0.49056603773584906
Dummy (most frequent),False,False,-,0,"cats off, norm off",0,5,6,25,0.5
Dummy (most frequent),False,False,-,0,"cats off, norm off",0,5,6,26,0.5094339622641509
Dummy (most frequent),False,False,-,0,"cats off, norm off",0,5,6,27,0.5094339622641509
Dummy (most frequent),False,False,-,0,"cats off, norm off",0,5,6,28,0.5094339622641509
Dummy (most frequent),False,False,-,0,"cats off, norm off",0,5,6,29,0.49056603773584906
Dummy (most frequent),False,True,-,0,"cats off, norm on",0,5,6,0,0.5
Dummy (most frequent),False,True,-,0,"cats off, norm on",0,5,6,1,0.5094339622641509
Dummy (most frequent),False,True,-,0,"cats off, norm on",0,5,6,2,0.5094339622641509
Dummy (most frequent),False,True,-,0,"cats off, norm on",0,5,6,3,0.5094339622641509
Dummy (most frequent),False,True,-,0,"cats off, norm on",0,5,6,4,0.49056603773584906
Dummy (most frequent),False,True,-,0,"cats off, norm on",0,5,6,5,0.5
Dummy (most frequent),False,True,-,0,"cats off, norm on",0,5,6,6,0.5094339622641509
Dummy (most frequent),False,True,-,0,"cats off, norm on",0,5,6,7,0.5094339622641509
Dummy (most frequent),False,True,-,0,"cats off, norm on",0,5,6,8,0.5094339622641509
Dummy (most frequent),False,True,-,0,"cats off, norm on",0,5,6,9,0.49056603773584906
Dummy (most frequent),False,True,-,0,"cats off, norm on",0,5,6,10,0.5
Dummy (most frequent),False,True,-,0,"cats off, norm on",0,5,6,11,0.5094339622641509
Dummy (most frequent),False,True,-,0,"cats off, norm on",0,5,6,12,0.5094339622641509
Dummy (most frequent),False,True,-,0,"cats off, norm on",0,5,6,13,0.5094339622641509
Dummy (most frequent),False,True,-,0,"cats off, norm on",0,5,6,14,0.49056603773584906
Dummy (most frequent),False,True,-,0,"cats off, norm on",0,5,6,15,0.5
Dummy (most frequent),False,True,-,0,"cats off, norm on",0,5,6,16,0.5094339622641509
Dummy (most frequent),False,True,-,0,"cats off, norm on",0,5,6,17,0.5094339622641509
Dummy (most frequent),False,True,-,0,"cats off, norm on",0,5,6,18,0.5094339622641509
Dummy (most frequent),False,True,-,0,"cats off, norm on",0,5,6,19,0.49056603773584906
Dummy (most frequent),False,True,-,0,"cats off, norm on",0,5,6,20,0.5
Dummy (most frequent),False,True,-,0,"cats off, norm on",0,5,6,21,0.5094339622641509
Dummy (most frequent),False,True,-,0,"cats off, norm on",0,5,6,22,0.5094339622641509
Dummy (most frequent),False,True,-,0,"cats off, norm on",0,5,6,23,0.5094339622641509
Dummy (most frequent),False,True,-,0,"cats off, norm on",0,5,6,24,0.49056603773584906
Dummy (most frequent),False,True,-,0,"cats off, norm on",0,5,6,25,0.5
Dummy (most frequent),False,True,-,0,"cats off, norm on",0,5,6,26,0.5094339622641509
Dummy (most frequent),False,True,-,0,"cats off, norm on",0,5,6,27,0.5094339622641509
Dummy (most frequent),False,True,-,0,"cats off, norm on",0,5,6,28,0.5094339622641509
Dummy (most frequent),False,True,-,0,"cats off, norm on",0,5,6,29,0.49056603773584906
Dummy (most frequent),True,False,-,0,"cats on, norm off",0,5,6,0,0.5
Dummy (most frequent),True,False,-,0,"cats on, norm off",0,5,6,1,0.5094339622641509
Dummy (most frequent),True,False,-,0,"cats on, norm off",0,5,6,2,0.5094339622641509
Dummy (most frequent),True,False,-,0,"cats on, norm off",0,5,6,3,0.5094339622641509
Dummy (most frequent),True,False,-,0,"cats on, norm off",0,5,6,4,0.49056603773584906
Dummy (most frequent),True,False,-,0,"cats on, norm off",0,5,6,5,0.5
Dummy (most frequent),True,False,-,0,"cats on, norm off",0,5,6,6,0.5094339622641509
Dummy (most frequent),True,False,-,0,"cats on, norm off",0,5,6,7,0.5094339622641509
Dummy (most frequent),True,False,-,0,"cats on, norm off",0,5,6,8,0.5094339622641509
Dummy (most frequent),True,False,-,0,"cats on, norm off",0,5,6,9,0.49056603773584906
Dummy (most frequent),True,False,-,0,"cats on, norm off",0,5,6,10,0.5
Dummy (most frequent),True,False,-,0,"cats on, norm off",0,5,6,11,0.5094339622641509
Dummy (most frequent),True,False,-,0,"cats on, norm off",0,5,6,12,0.5094339622641509
Dummy (most frequent),True,False,-,0,"cats on, norm off",0,5,6,13,0.5094339622641509
Dummy (most frequent),True,False,-,0,"cats on, norm off",0,5,6,14,0.49056603773584906
Dummy (most frequent),True,False,-,0,"cats on, norm off",0,5,6,15,0.5
Dummy (most frequent),True,False,-,0,"cats on, norm off",0,5,6,16,0.5094339622641509
Dummy (most frequent),True,False,-,0,"cats on, norm off",0,5,6,17,0.5094339622641509
Dummy (most frequent),True,False,-,0,"cats on, norm off",0,5,6,18,0.5094339622641509
Dummy (most frequent),True,False,-,0,"cats on, norm off",0,5,6,19,0.49056603773584906
Dummy (most frequent),True,False,-,0,"cats on, norm off",0,5,6,20,0.5
Dummy (most frequent),True,False,-,0,"cats on, norm off",0,5,6,21,0.5094339622641509
Dummy (most frequent),True,False,-,0,"cats on, norm off",0,5,6,22,0.5094339622641509
Dummy (most frequent),True,False,-,0,"cats on, norm off",0,5,6,23,0.5094339622641509
Dummy (most frequent),True,False,-,0,"cats on, norm off",0,5,6,24,0.49056603773584906
Dummy (most frequent),True,False,-,0,"cats on, norm off",0,5,6,25,0.5
Dummy (most frequent),True,False,-,0,"cats on, norm off",0,5,6,26,0.5094339622641509
Dummy (most frequent),True,False,-,0,"cats on, norm off",0,5,6,27,0.5094339622641509
Dummy (most frequent),True,False,-,0,"cats on, norm off",0,5,6,28,0.5094339622641509
Dummy (most frequent),True,False,-,0,"cats on, norm off",0,5,6,29,0.49056603773584906
Dummy (most frequent),True,True,-,0,"cats on, norm on",0,5,6,0,0.5
Dummy (most frequent),True,True,-,0,"cats on, norm on",0,5,6,1,0.5094339622641509
Dummy (most frequent),True,True,-,0,"cats on, norm on",0,5,6,2,0.5094339622641509
Dummy (most frequent),True,True,-,0,"cats on, norm on",0,5,6,3,0.5094339622641509
Dummy (most frequent),True,True,-,0,"cats on, norm on",0,5,6,4,0.49056603773584906
Dummy (most frequent),True,True,-,0,"cats on, norm on",0,5,6,5,0.5
Dummy (most frequent),True,True,-,0,"cats on, norm on",0,5,6,6,0.5094339622641509
Dummy (most frequent),True,True,-,0,"cats on, norm on",0,5,6,7,0.5094339622641509
Dummy (most frequent),True,True,-,0,"cats on, norm on",0,5,6,8,0.5094339622641509
Dummy (most frequent),True,True,-,0,"cats on, norm on",0,5,6,9,0.49056603773584906
Dummy (most frequent),True,True,-,0,"cats on, norm on",0,5,6,10,0.5
Dummy (most frequent),True,True,-,0,"cats on, norm on",0,5,6,11,0.5094339622641509
Dummy (most frequent),True,True,-,0,"cats on, norm on",0,5,6,12,0.5094339622641509
Dummy (most frequent),True,True,-,0,"cats on, norm on",0,5,6,13,0.5094339622641509
Dummy (most frequent),True,True,-,0,"cats on, norm on",0,5,6,14,0.49056603773584906
Dummy (most frequent),True,True,-,0,"cats on, norm on",0,5,6,15,0.5
Dummy (most frequent),True,True,-,0,"cats on, norm on",0,5,6,16,0.5094339622641509
Dummy (most frequent),True,True,-,0,"cats on, norm on",0,5,6,17,0.5094339622641509
Dummy (most frequent),True,True,-,0,"cats on, norm on",0,5,6,18,0.5094339622641509
Dummy (most frequent),True,True,-,0,"cats on, norm on",0,5,6,19,0.49056603773584906
Dummy (most frequent),True,True,-,0,"cats on, norm on",0,5,6,20,0.5
Dummy (most frequent),True,True,-,0,"cats on, norm on",0,5,6,21,0.5094339622641509
Dummy (most frequent),True,True,-,0,"cats on, norm on",0,5,6,22,0.5094339622641509
Dummy (most frequent),True,True,-,0,"cats on, norm on",0,5,6,23,0.5094339622641509
Dummy (most frequent),True,True,-,0,"cats on, norm on",0,5,6,24,0.49056603773584906
Dummy (most frequent),True,True,-,0,"cats on, norm on",0,5,6,25,0.5
Dummy (most frequent),True,True,-,0,"cats on, norm on",0,5,6,26,0.5094339622641509
Dummy (most frequent),True,True,-,0,"cats on, norm on",0,5,6,27,0.5094339622641509
Dummy (most frequent),True,True,-,0,"cats on, norm on",0,5,6,28,0.5094339622641509
Dummy (most frequent),True,True,-,0,"cats on, norm on",0,5,6,29,0.49056603773584906
KNN,False,False,chebyshev,1,"cats off, norm off",0,5,6,0,0.7592592592592593
KNN,False,False,chebyshev,1,"cats off, norm off",0,5,6,1,0.6981132075471698
KNN,False,False,chebyshev,1,"cats off, norm off",0,5,6,2,0.660377358490566
KNN,False,False,chebyshev,1,"cats off, norm off",0,5,6,3,0.7169811320754716
KNN,False,False,chebyshev,1,"cats off, norm off",0,5,6,4,0.7358490566037735
KNN,False,False,chebyshev,1,"cats off, norm off",0,5,6,5,0.7037037037037037
KNN,False,False,chebyshev,1,"cats off, norm off",0,5,6,6,0.8301886792452831
KNN,False,False,chebyshev,1,"cats off, norm off",0,5,6,7,0.7358490566037735
KNN,False,False,chebyshev,1,"cats off, norm off",0,5,6,8,0.8301886792452831
KNN,False,False,chebyshev,1,"cats off, norm off",0,5,6,9,0.7547169811320755
KNN,False,False,chebyshev,1,"cats off, norm off",0,5,6,10,0.7777777777777778
KNN,False,False,chebyshev,1,"cats off, norm off",0,5,6,11,0.7169811320754716
KNN,False,False,chebyshev,1,"cats off, norm off",0,5,6,12,0.6226415094339622
KNN,False,False,chebyshev,1,"cats off, norm off",0,5,6,13,0.7735849056603774
KNN,False,False,chebyshev,1,"cats off, norm off",0,5,6,14,0.6792452830188679
KNN,False,False,chebyshev,1,"cats off, norm off",0,5,6,15,0.6666666666666666
KNN,False,False,chebyshev,1,"cats off, norm off",0,5,6,16,0.6981132075471698
KNN,False,False,chebyshev,1,"cats off, norm off",0,5,6,17,0.7924528301886793
KNN,False,False,chebyshev,1,"cats off, norm off",0,5,6,18,0.7547169811320755
KNN,False,False,chebyshev,1,"cats off, norm off",0,5,6,19,0.7169811320754716
KNN,False,False,chebyshev,1,"cats off, norm off",0,5,6,20,0.7222222222222222
KNN,False,False,chebyshev,1,"cats off, norm off",0,5,6,21,0.6981132075471698
KNN,False,False,chebyshev,1,"cats off, norm off",0,5,6,22,0.7358490566037735
KNN,False,False,chebyshev,1,"cats off, norm off",0,5,6,23,0.7358490566037735
KNN,False,False,chebyshev,1,"cats off, norm off",0,5,6,24,0.6792452830188679
KNN,False,False,chebyshev,1,"cats off, norm off",0,5,6,25,0.6851851851851852
KNN,False,False,chebyshev,1,"cats off, norm off",0,5,6,26,0.7169811320754716
KNN,False,False,chebyshev,1,"cats off, norm off",0,5,6,27,0.660377358490566
KNN,False,False,chebyshev,1,"cats off, norm off",0,5,6,28,0.7358490566037735
KNN,False,False,chebyshev,1,"cats off, norm off",0,5,6,29,0.6792452830188679
KNN,False,False,chebyshev,3,"cats off, norm off",0,5,6,0,0.7592592592592593
KNN,False,False,chebyshev,3,"cats off, norm off",0,5,6,1,0.7358490566037735
KNN,False,False,chebyshev,3,"cats off, norm off",0,5,6,2,0.660377358490566
KNN,False,False,chebyshev,3,"cats off, norm off",0,5,6,3,0.7547169811320755
KNN,False,False,chebyshev,3,"cats off, norm off",0,5,6,4,0.6415094339622641
KNN,False,False,chebyshev,3,"cats off, norm off",0,5,6,5,0.7222222222222222
KNN,False,False,chebyshev,3,"cats off, norm off",0,5,6,6,0.7924528301886793
KNN,False,False,chebyshev,3,"cats off, norm off",0,5,6,7,0.7169811320754716
KNN,False,False,chebyshev,3,"cats off, norm off",0,5,6,8,0.7358490566037735
KNN,False,False,chebyshev,3,"cats off, norm off",0,5,6,9,0.7547169811320755
KNN,False,False,chebyshev,3,"cats off, norm off",0,5,6,10,0.7962962962962963
KNN,False,False,chebyshev,3,"cats off, norm off",0,5,6,11,0.6792452830188679
KNN,False,False,chebyshev,3,"cats off, norm off",0,5,6,12,0.6981132075471698
KNN,False,False,chebyshev,3,"cats off, norm off",0,5,6,13,0.660377358490566
KNN,False,False,chebyshev,3,"cats off, norm off",0,5,6,14,0.6792452830188679
KNN,False,False,chebyshev,3,"cats off, norm off",0,5,6,15,0.7222222222222222
KNN,False,False,chebyshev,3,"cats off, norm off",0,5,6,16,0.660377358490566
KNN,False,False,chebyshev,3,"cats off, norm off",0,5,6,17,0.7547169811320755
KNN,False,False,chebyshev,3,"cats off, norm off",0,5,6,18,0.7924528301886793
KNN,False,False,chebyshev,3,"cats off, norm off",0,5,6,19,0.6792452830188679
KNN,False,False,chebyshev,3,"cats off, norm off",0,5,6,20,0.6851851851851852
KNN,False,False,chebyshev,3,"cats off, norm off",0,5,6,21,0.6037735849056604
KNN,False,False,chebyshev,3,"cats off, norm off",0,5,6,22,0.7735849056603774
KNN,False,False,chebyshev,3,"cats off, norm off",0,5,6,23,0.6981132075471698
KNN,False,False,chebyshev,3,"cats off, norm off",0,5,6,24,0.7169811320754716
KNN,False,False,chebyshev,3,"cats off, norm off",0,5,6,25,0.6666666666666666
KNN,False,False,chebyshev,3,"cats off, norm off",0,5,6,26,0.660377358490566
KNN,False,False,chebyshev,3,"cats off, norm off",0,5,6,27,0.660377358490566
KNN,False,False,chebyshev,3,"cats off, norm off",0,5,6,28,0.7169811320754716
KNN,False,False,chebyshev,3,"cats off, norm off",0,5,6,29,0.6792452830188679
KNN,False,False,chebyshev,5,"cats off, norm off",0,5,6,0,0.7592592592592593
KNN,False,False,chebyshev,5,"cats off, norm off",0,5,6,1,0.6415094339622641
KNN,False,False,chebyshev,5,"cats off, norm off",0,5,6,2,0.6415094339622641
KNN,False,False,chebyshev,5,"cats off, norm off",0,5,6,3,0.7547169811320755
KNN,False,False,chebyshev,5,"cats off, norm off",0,5,6,4,0.7169811320754716
KNN,False,False,chebyshev,5,"cats off, norm off",0,5,6,5,0.7592592592592593
KNN,False,False,chebyshev,5,"cats off, norm off",0,5,6,6,0.7547169811320755
KNN,False,False,chebyshev,5,"cats off, norm off",0,5,6,7,0.7358490566037735
KNN,False,False,chebyshev,5,"cats off, norm off",0,5,6,8,0.7735849056603774
KNN,False,False,chebyshev,5,"cats off, norm off",0,5,6,9,0.7169811320754716
KNN,False,False,chebyshev,5,"cats off, norm off",0,5,6,10,0.8148148148148148
KNN,False,False,chebyshev,5,"cats off, norm off",0,5,6,11,0.6792452830188679
KNN,False,False,chebyshev,5,"cats off, norm off",0,5,6,12,0.7735849056603774
KNN,False,False,chebyshev,5,"cats off, norm off",0,5,6,13,0.7169811320754716
KNN,False,False,chebyshev,5,"cats off, norm off",0,5,6,14,0.660377358490566
KNN,False,False,chebyshev,5,"cats off, norm off",0,5,6,15,0.7037037037037037
KNN,False,False,chebyshev,5,"cats off, norm off",0,5,6,16,0.6792452830188679
KNN,False,False,chebyshev,5,"cats off, norm off",0,5,6,17,0.7547169811320755
KNN,False,False,chebyshev,5,"cats off, norm off",0,5,6,18,0.7924528301886793
KNN,False,False,chebyshev,5,"cats off, norm off",0,5,6,19,0.6792452830188679
KNN,False,False,chebyshev,5,"cats off, norm off",0,5,6,20,0.6666666666666666
KNN,False,False,chebyshev,5,"cats off, norm off",0,5,6,21,0.6792452830188679
KNN,False,False,chebyshev,5,"cats off, norm off",0,5,6,22,0.7735849056603774
KNN,False,False,chebyshev,5,"cats off, norm off",0,5,6,23,0.7169811320754716
KNN,False,False,chebyshev,5,"cats off, norm off",0,5,6,24,0.7169811320754716
KNN,False,False,chebyshev,5,"cats off, norm off",0,5,6,25,0.6851851851851852
KNN,False,False,chebyshev,5,"cats off, norm off",0,5,6,26,0.7547169811320755
KNN,False,False,chebyshev,5,"cats off, norm off",0,5,6,27,0.6415094339622641
KNN,False,False,chebyshev,5,"cats off, norm off",0,5,6,28,0.7358490566037735
KNN,False,False,chebyshev,5,"cats off, norm off",0,5,6,29,0.7358490566037735
KNN,False,False,chebyshev,9,"cats off, norm off",0,5,6,0,0.7222222222222222
KNN,False,False,chebyshev,9,"cats off, norm off",0,5,6,1,0.7169811320754716
KNN,False,False,chebyshev,9,"cats off, norm off",0,5,6,2,0.7547169811320755
KNN,False,False,chebyshev,9,"cats off, norm off",0,5,6,3,0.8113207547169812
KNN,False,False,chebyshev,9,"cats off, norm off",0,5,6,4,0.6981132075471698
KNN,False,False,chebyshev,9,"cats off, norm off",0,5,6,5,0.7037037037037037
KNN,False,False,chebyshev,9,"cats off, norm off",0,5,6,6,0.7735849056603774
KNN,False,False,chebyshev,9,"cats off, norm off",0,5,6,7,0.7358490566037735
KNN,False,False,chebyshev,9,"cats off, norm off",0,5,6,8,0.7547169811320755
KNN,False,False,chebyshev,9,"cats off, norm off",0,5,6,9,0.7735849056603774
KNN,False,False,chebyshev,9,"cats off, norm off",0,5,6,10,0.8333333333333334
KNN,False,False,chebyshev,9,"cats off, norm off",0,5,6,11,0.6792452830188679
KNN,False,False,chebyshev,9,"cats off, norm off",0,5,6,12,0.7547169811320755
KNN,False,False,chebyshev,9,"cats off, norm off",0,5,6,13,0.7735849056603774
KNN,False,False,chebyshev,9,"cats off, norm off",0,5,6,14,0.6981132075471698
KNN,False,False,chebyshev,9,"cats off, norm off",0,5,6,15,0.7407407407407407
KNN,False,False,chebyshev,9,"cats off, norm off",0,5,6,16,0.6792452830188679
KNN,False,False,chebyshev,9,"cats off, norm off",0,5,6,17,0.7169811320754716
KNN,False,False,chebyshev,9,"cats off, norm off",0,5,6,18,0.7924528301886793
KNN,False,False,chebyshev,9,"cats off, norm off",0,5,6,19,0.660377358490566
KNN,False,False,chebyshev,9,"cats off, norm off",0,5,6,20,0.7777777777777778
KNN,False,False,chebyshev,9,"cats off, norm off",0,5,6,21,0.6981132075471698
KNN,False,False,chebyshev,9,"cats off, norm off",0,5,6,22,0.7924528301886793
KNN,False,False,chebyshev,9,"cats off, norm off",0,5,6,23,0.7547169811320755
KNN,False,False,chebyshev,9,"cats off, norm off",0,5,6,24,0.8301886792452831
KNN,False,False,chebyshev,9,"cats off, norm off",0,5,6,25,0.6851851851851852
KNN,False,False,chebyshev,9,"cats off, norm off",0,5,6,26,0.8113207547169812
KNN,False,False,chebyshev,9,"cats off, norm off",0,5,6,27,0.6415094339622641
KNN,False,False,chebyshev,9,"cats off, norm off",0,5,6,28,0.7358490566037735
KNN,False,False,chebyshev,9,"cats off, norm off",0,5,6,29,0.7547169811320755
KNN,False,False,chebyshev,15,"cats off, norm off",0,5,6,0,0.7407407407407407
KNN,False,False,chebyshev,15,"cats off, norm off",0,5,6,1,0.7547169811320755
KNN,False,False,chebyshev,15,"cats off, norm off",0,5,6,2,0.6792452830188679
KNN,False,False,chebyshev,15,"cats off, norm off",0,5,6,3,0.8113207547169812
KNN,False,False,chebyshev,15,"cats off, norm off",0,5,6,4,0.6792452830188679
KNN,False,False,chebyshev,15,"cats off, norm off",0,5,6,5,0.7777777777777778
KNN,False,False,chebyshev,15,"cats off, norm off",0,5,6,6,0.6981132075471698
KNN,False,False,chebyshev,15,"cats off, norm off",0,5,6,7,0.7358490566037735
KNN,False,False,chebyshev,15,"cats off, norm off",0,5,6,8,0.7735849056603774
KNN,False,False,chebyshev,15,"cats off, norm off",0,5,6,9,0.6981132075471698
KNN,False,False,chebyshev,15,"cats off, norm off",0,5,6,10,0.7777777777777778
KNN,False,False,chebyshev,15,"cats off, norm off",0,5,6,11,0.7547169811320755
KNN,False,False,chebyshev,15,"cats off, norm off",0,5,6,12,0.7735849056603774
KNN,False,False,chebyshev,15,"cats off, norm off",0,5,6,13,0.7547169811320755
KNN,False,False,chebyshev,15,"cats off, norm off",0,5,6,14,0.6981132075471698
KNN,False,False,chebyshev,15,"cats off, norm off",0,5,6,15,0.7407407407407407
KNN,False,False,chebyshev,15,"cats off, norm off",0,5,6,16,0.6792452830188679
KNN,False,False,chebyshev,15,"cats off, norm off",0,5,6,17,0.6981132075471698
KNN,False,False,chebyshev,15,"cats off, norm off",0,5,6,18,0.7547169811320755
KNN,False,False,chebyshev,15,"cats off, norm off",0,5,6,19,0.7735849056603774
KNN,False,False,chebyshev,15,"cats off, norm off",0,5,6,20,0.7592592592592593
KNN,False,False,chebyshev,15,"cats off, norm off",0,5,6,21,0.6981132075471698
KNN,False,False,chebyshev,15,"cats off, norm off",0,5,6,22,0.7924528301886793
KNN,False,False,chebyshev,15,"cats off, norm off",0,5,6,23,0.7358490566037735
KNN,False,False,chebyshev,15,"cats off, norm off",0,5,6,24,0.7735849056603774
KNN,False,False,chebyshev,15,"cats off, norm off",0,5,6,25,0.6851851851851852
KNN,False,False,chebyshev,15,"cats off, norm off",0,5,6,26,0.8490566037735849
KNN,False,False,chebyshev,15,"cats off, norm off",0,5,6,27,0.6415094339622641
KNN,False,False,chebyshev,15,"cats off, norm off",0,5,6,28,0.7547169811320755
KNN,False,False,chebyshev,15,"cats off, norm off",0,5,6,29,0.6981132075471698
KNN,False,False,chebyshev,25,"cats off, norm off",0,5,6,0,0.7222222222222222
KNN,False,False,chebyshev,25,"cats off, norm off",0,5,6,1,0.7547169811320755
KNN,False,False,chebyshev,25,"cats off, norm off",0,5,6,2,0.660377358490566
KNN,False,False,chebyshev,25,"cats off, norm off",0,5,6,3,0.8113207547169812
KNN,False,False,chebyshev,25,"cats off, norm off",0,5,6,4,0.6981132075471698
KNN,False,False,chebyshev,25,"cats off, norm off",0,5,6,5,0.7592592592592593
KNN,False,False,chebyshev,25,"cats off, norm off",0,5,6,6,0.6981132075471698
KNN,False,False,chebyshev,25,"cats off, norm off",0,5,6,7,0.7358490566037735
KNN,False,False,chebyshev,25,"cats off, norm off",0,5,6,8,0.8490566037735849
KNN,False,False,chebyshev,25,"cats off, norm off",0,5,6,9,0.6981132075471698
KNN,False,False,chebyshev,25,"cats off, norm off",0,5,6,10,0.7962962962962963
KNN,False,False,chebyshev,25,"cats off, norm off",0,5,6,11,0.6792452830188679
KNN,False,False,chebyshev,25,"cats off, norm off",0,5,6,12,0.7547169811320755
KNN,False,False,chebyshev,25,"cats off, norm off",0,5,6,13,0.7924528301886793
KNN,False,False,chebyshev,25,"cats off, norm off",0,5,6,14,0.6981132075471698
KNN,False,False,chebyshev,25,"cats off, norm off",0,5,6,15,0.7407407407407407
KNN,False,False,chebyshev,25,"cats off, norm off",0,5,6,16,0.6981132075471698
KNN,False,False,chebyshev,25,"cats off, norm off",0,5,6,17,0.7358490566037735
KNN,False,False,chebyshev,25,"cats off, norm off",0,5,6,18,0.7735849056603774
KNN,False,False,chebyshev,25,"cats off, norm off",0,5,6,19,0.7735849056603774
KNN,False,False,chebyshev,25,"cats off, norm off",0,5,6,20,0.7592592592592593
KNN,False,False,chebyshev,25,"cats off, norm off",0,5,6,21,0.7169811320754716
KNN,False,False,chebyshev,25,"cats off, norm off",0,5,6,22,0.7735849056603774
KNN,False,False,chebyshev,25,"cats off, norm off",0,5,6,23,0.7547169811320755
KNN,False,False,chebyshev,25,"cats off, norm off",0,5,6,24,0.7735849056603774
KNN,False,False,chebyshev,25,"cats off, norm off",0,5,6,25,0.7037037037037037
KNN,False,False,chebyshev,25,"cats off, norm off",0,5,6,26,0.8301886792452831
KNN,False,False,chebyshev,25,"cats off, norm off",0,5,6,27,0.660377358490566
KNN,False,False,chebyshev,25,"cats off, norm off",0,5,6,28,0.7547169811320755
KNN,False,False,chebyshev,25,"cats off, norm off",0,5,6,29,0.7735849056603774
KNN,False,False,chebyshev,45,"cats off, norm off",0,5,6,0,0.7407407407407407
KNN,False,False,chebyshev,45,"cats off, norm off",0,5,6,1,0.7735849056603774
KNN,False,False,chebyshev,45,"cats off, norm off",0,5,6,2,0.6792452830188679
KNN,False,False,chebyshev,45,"cats off, norm off",0,5,6,3,0.7924528301886793
KNN,False,False,chebyshev,45,"cats off, norm off",0,5,6,4,0.6981132075471698
KNN,False,False,chebyshev,45,"cats off, norm off",0,5,6,5,0.7962962962962963
KNN,False,False,chebyshev,45,"cats off, norm off",0,5,6,6,0.7547169811320755
KNN,False,False,chebyshev,45,"cats off, norm off",0,5,6,7,0.7169811320754716
KNN,False,False,chebyshev,45,"cats off, norm off",0,5,6,8,0.8113207547169812
KNN,False,False,chebyshev,45,"cats off, norm off",0,5,6,9,0.7169811320754716
KNN,False,False,chebyshev,45,"cats off, norm off",0,5,6,10,0.8333333333333334
KNN,False,False,chebyshev,45,"cats off, norm off",0,5,6,11,0.7169811320754716
KNN,False,False,chebyshev,45,"cats off, norm off",0,5,6,12,0.7735849056603774
KNN,False,False,chebyshev,45,"cats off, norm off",0,5,6,13,0.7924528301886793
KNN,False,False,chebyshev,45,"cats off, norm off",0,5,6,14,0.6792452830188679
KNN,False,False,chebyshev,45,"cats off, norm off",0,5,6,15,0.7407407407407407
KNN,False,False,chebyshev,45,"cats off, norm off",0,5,6,16,0.7547169811320755
KNN,False,False,chebyshev,45,"cats off, norm off",0,5,6,17,0.7358490566037735
KNN,False,False,chebyshev,45,"cats off, norm off",0,5,6,18,0.8113207547169812
KNN,False,False,chebyshev,45,"cats off, norm off",0,5,6,19,0.7924528301886793
KNN,False,False,chebyshev,45,"cats off, norm off",0,5,6,20,0.7962962962962963
KNN,False,False,chebyshev,45,"cats off, norm off",0,5,6,21,0.6981132075471698
KNN,False,False,chebyshev,45,"cats off, norm off",0,5,6,22,0.8301886792452831
KNN,False,False,chebyshev,45,"cats off, norm off",0,5,6,23,0.7358490566037735
KNN,False,False,chebyshev,45,"cats off, norm off",0,5,6,24,0.7735849056603774
KNN,False,False,chebyshev,45,"cats off, norm off",0,5,6,25,0.6851851851851852
KNN,False,False,chebyshev,45,"cats off, norm off",0,5,6,26,0.8490566037735849
KNN,False,False,chebyshev,45,"cats off, norm off",0,5,6,27,0.660377358490566
KNN,False,False,chebyshev,45,"cats off, norm off",0,5,6,28,0.7169811320754716
KNN,False,False,chebyshev,45,"cats off, norm off",0,5,6,29,0.8113207547169812
KNN,False,False,euclidean,1,"cats off, norm off",0,5,6,0,0.7592592592592593
KNN,False,False,euclidean,1,"cats off, norm off",0,5,6,1,0.7358490566037735
KNN,False,False,euclidean,1,"cats off, norm off",0,5,6,2,0.6981132075471698
KNN,False,False,euclidean,1,"cats off, norm off",0,5,6,3,0.7169811320754716
KNN,False,False,euclidean,1,"cats off, norm off",0,5,6,4,0.7358490566037735
KNN,False,False,euclidean,1,"cats off, norm off",0,5,6,5,0.7407407407407407
KNN,False,False,euclidean,1,"cats off, norm off",0,5,6,6,0.7358490566037735
KNN,False,False,euclidean,1,"cats off, norm off",0,5,6,7,0.7358490566037735
KNN,False,False,euclidean,1,"cats off, norm off",0,5,6,8,0.8113207547169812
KNN,False,False,euclidean,1,"cats off, norm off",0,5,6,9,0.7735849056603774
KNN,False,False,euclidean,1,"cats off, norm off",0,5,6,10,0.7592592592592593
KNN,False,False,euclidean,1,"cats off, norm off",0,5,6,11,0.7169811320754716
KNN,False,False,euclidean,1,"cats off, norm off",0,5,6,12,0.6226415094339622
KNN,False,False,euclidean,1,"cats off, norm off",0,5,6,13,0.7735849056603774
KNN,False,False,euclidean,1,"cats off, norm off",0,5,6,14,0.6415094339622641
KNN,False,False,euclidean,1,"cats off, norm off",0,5,6,15,0.7037037037037037
KNN,False,False,euclidean,1,"cats off, norm off",0,5,6,16,0.6981132075471698
KNN,False,False,euclidean,1,"cats off, norm off",0,5,6,17,0.7547169811320755
KNN,False,False,euclidean,1,"cats off, norm off",0,5,6,18,0.8113207547169812
KNN,False,False,euclidean,1,"cats off, norm off",0,5,6,19,0.7547169811320755
KNN,False,False,euclidean,1,"cats off, norm off",0,5,6,20,0.7037037037037037
KNN,False,False,euclidean,1,"cats off, norm off",0,5,6,21,0.7169811320754716
KNN,False,False,euclidean,1,"cats off, norm off",0,5,6,22,0.7358490566037735
KNN,False,False,euclidean,1,"cats off, norm off",0,5,6,23,0.7358490566037735
KNN,False,False,euclidean,1,"cats off, norm off",0,5,6,24,0.7169811320754716
KNN,False,False,euclidean,1,"cats off, norm off",0,5,6,25,0.7037037037037037
KNN,False,False,euclidean,1,"cats off, norm off",0,5,6,26,0.6981132075471698
KNN,False,False,euclidean,1,"cats off, norm off",0,5,6,27,0.6792452830188679
KNN,False,False,euclidean,1,"cats off, norm off",0,5,6,28,0.7547169811320755
KNN,False,False,euclidean,1,"cats off, norm off",0,5,6,29,0.7169811320754716
KNN,False,False,euclidean,3,"cats off, norm off",0,5,6,0,0.7222222222222222
KNN,False,False,euclidean,3,"cats off, norm off",0,5,6,1,0.7358490566037735
KNN,False,False,euclidean,3,"cats off, norm off",0,5,6,2,0.660377358490566
KNN,False,False,euclidean,3,"cats off, norm off",0,5,6,3,0.8113207547169812
KNN,False,False,euclidean,3,"cats off, norm off",0,5,6,4,0.7735849056603774
KNN,False,False,euclidean,3,"cats off, norm off",0,5,6,5,0.7222222222222222
KNN,False,False,euclidean,3,"cats off, norm off",0,5,6,6,0.7924528301886793
KNN,False,False,euclidean,3,"cats off, norm off",0,5,6,7,0.7547169811320755
KNN,False,False,euclidean,3,"cats off, norm off",0,5,6,8,0.7169811320754716
KNN,False,False,euclidean,3,"cats off, norm off",0,5,6,9,0.7735849056603774
KNN,False,False,euclidean,3,"cats off, norm off",0,5,6,10,0.8148148148148148
KNN,False,False,euclidean,3,"cats off, norm off",0,5,6,11,0.6981132075471698
KNN,False,False,euclidean,3,"cats off, norm off",0,5,6,12,0.6981132075471698
KNN,False,False,euclidean,3,"cats off, norm off",0,5,6,13,0.7547169811320755
KNN,False,False,euclidean,3,"cats off, norm off",0,5,6,14,0.6981132075471698
KNN,False,False,euclidean,3,"cats off, norm off",0,5,6,15,0.7592592592592593
KNN,False,False,euclidean,3,"cats off, norm off",0,5,6,16,0.6415094339622641
KNN,False,False,euclidean,3,"cats off, norm off",0,5,6,17,0.7547169811320755
KNN,False,False,euclidean,3,"cats off, norm off",0,5,6,18,0.7924528301886793
KNN,False,False,euclidean,3,"cats off, norm off",0,5,6,19,0.7169811320754716
KNN,False,False,euclidean,3,"cats off, norm off",0,5,6,20,0.7962962962962963
KNN,False,False,euclidean,3,"cats off, norm off",0,5,6,21,0.6981132075471698
KNN,False,False,euclidean,3,"cats off, norm off",0,5,6,22,0.8301886792452831
KNN,False,False,euclidean,3,"cats off, norm off",0,5,6,23,0.7358490566037735
KNN,False,False,euclidean,3,"cats off, norm off",0,5,6,24,0.7735849056603774
KNN,False,False,euclidean,3,"cats off, norm off",0,5,6,25,0.5925925925925926
KNN,False,False,euclidean,3,"cats off, norm off",0,5,6,26,0.7924528301886793
KNN,False,False,euclidean,3,"cats off, norm off",0,5,6,27,0.6415094339622641
KNN,False,False,euclidean,3,"cats off, norm off",0,5,6,28,0.7735849056603774
KNN,False,False,euclidean,3,"cats off, norm off",0,5,6,29,0.6981132075471698
KNN,False,False,euclidean,5,"cats off, norm off",0,5,6,0,0.8148148148148148
KNN,False,False,euclidean,5,"cats off, norm off",0,5,6,1,0.6981132075471698
KNN,False,False,euclidean,5,"cats off, norm off",0,5,6,2,0.6981132075471698
KNN,False,False,euclidean,5,"cats off, norm off",0,5,6,3,0.7547169811320755
KNN,False,False,euclidean,5,"cats off, norm off",0,5,6,4,0.7547169811320755
KNN,False,False,euclidean,5,"cats off, norm off",0,5,6,5,0.8148148148148148
KNN,False,False,euclidean,5,"cats off, norm off",0,5,6,6,0.7735849056603774
KNN,False,False,euclidean,5,"cats off, norm off",0,5,6,7,0.7358490566037735
KNN,False,False,euclidean,5,"cats off, norm off",0,5,6,8,0.7735849056603774
KNN,False,False,euclidean,5,"cats off, norm off",0,5,6,9,0.7547169811320755
KNN,False,False,euclidean,5,"cats off, norm off",0,5,6,10,0.8518518518518519
KNN,False,False,euclidean,5,"cats off, norm off",0,5,6,11,0.6981132075471698
KNN,False,False,euclidean,5,"cats off, norm off",0,5,6,12,0.7735849056603774
KNN,False,False,euclidean,5,"cats off, norm off",0,5,6,13,0.7924528301886793
KNN,False,False,euclidean,5,"cats off, norm off",0,5,6,14,0.7169811320754716
KNN,False,False,euclidean,5,"cats off, norm off",0,5,6,15,0.7592592592592593
KNN,False,False,euclidean,5,"cats off, norm off",0,5,6,16,0.6981132075471698
KNN,False,False,euclidean,5,"cats off, norm off",0,5,6,17,0.7735849056603774
KNN,False,False,euclidean,5,"cats off, norm off",0,5,6,18,0.8301886792452831
KNN,False,False,euclidean,5,"cats off, norm off",0,5,6,19,0.7547169811320755
KNN,False,False,euclidean,5,"cats off, norm off",0,5,6,20,0.7222222222222222
KNN,False,False,euclidean,5,"cats off, norm off",0,5,6,21,0.7735849056603774
KNN,False,False,euclidean,5,"cats off, norm off",0,5,6,22,0.7924528301886793
KNN,False,False,euclidean,5,"cats off, norm off",0,5,6,23,0.7547169811320755
KNN,False,False,euclidean,5,"cats off, norm off",0,5,6,24,0.7924528301886793
KNN,False,False,euclidean,5,"cats off, norm off",0,5,6,25,0.7222222222222222
KNN,False,False,euclidean,5,"cats off, norm off",0,5,6,26,0.8113207547169812
KNN,False,False,euclidean,5,"cats off, norm off",0,5,6,27,0.6792452830188679
KNN,False,False,euclidean,5,"cats off, norm off",0,5,6,28,0.7735849056603774
KNN,False,False,euclidean,5,"cats off, norm off",0,5,6,29,0.7358490566037735
KNN,False,False,euclidean,9,"cats off, norm off",0,5,6,0,0.7592592592592593
KNN,False,False,euclidean,9,"cats off, norm off",0,5,6,1,0.7358490566037735
KNN,False,False,euclidean,9,"cats off, norm off",0,5,6,2,0.7547169811320755
KNN,False,False,euclidean,9,"cats off, norm off",0,5,6,3,0.8490566037735849
KNN,False,False,euclidean,9,"cats off, norm off",0,5,6,4,0.7169811320754716
KNN,False,False,euclidean,9,"cats off, norm off",0,5,6,5,0.7407407407407407
KNN,False,False,euclidean,9,"cats off, norm off",0,5,6,6,0.7358490566037735
KNN,False,False,euclidean,9,"cats off, norm off",0,5,6,7,0.7547169811320755
KNN,False,False,euclidean,9,"cats off, norm off",0,5,6,8,0.8113207547169812
KNN,False,False,euclidean,9,"cats off, norm off",0,5,6,9,0.7735849056603774
KNN,False,False,euclidean,9,"cats off, norm off",0,5,6,10,0.8518518518518519
KNN,False,False,euclidean,9,"cats off, norm off",0,5,6,11,0.6981132075471698
KNN,False,False,euclidean,9,"cats off, norm off",0,5,6,12,0.7358490566037735
KNN,False,False,euclidean,9,"cats off, norm off",0,5,6,13,0.7547169811320755
KNN,False,False,euclidean,9,"cats off, norm off",0,5,6,14,0.7169811320754716
KNN,False,False,euclidean,9,"cats off, norm off",0,5,6,15,0.7407407407407407
KNN,False,False,euclidean,9,"cats off, norm off",0,5,6,16,0.7169811320754716
KNN,False,False,euclidean,9,"cats off, norm off",0,5,6,17,0.7169811320754716
KNN,False,False,euclidean,9,"cats off, norm off",0,5,6,18,0.7735849056603774
KNN,False,False,euclidean,9,"cats off, norm off",0,5,6,19,0.7358490566037735
KNN,False,False,euclidean,9,"cats off, norm off",0,5,6,20,0.7592592592592593
KNN,False,False,euclidean,9,"cats off, norm off",0,5,6,21,0.7547169811320755
KNN,False,False,euclidean,9,"cats off, norm off",0,5,6,22,0.7924528301886793
KNN,False,False,euclidean,9,"cats off, norm off",0,5,6,23,0.7358490566037735
KNN,False,False,euclidean,9,"cats off, norm off",0,5,6,24,0.7924528301886793
KNN,False,False,euclidean,9,"cats off, norm off",0,5,6,25,0.7037037037037037
KNN,False,False,euclidean,9,"cats off, norm off",0,5,6,26,0.7924528301886793
KNN,False,False,euclidean,9,"cats off, norm off",0,5,6,27,0.660377358490566
KNN,False,False,euclidean,9,"cats off, norm off",0,5,6,28,0.7169811320754716
KNN,False,False,euclidean,9,"cats off, norm off",0,5,6,29,0.7358490566037735
KNN,False,False,euclidean,15,"cats off, norm off",0,5,6,0,0.7592592592592593
KNN,False,False,euclidean,15,"cats off, norm off",0,5,6,1,0.7547169811320755
KNN,False,False,euclidean,15,"cats off, norm off",0,5,6,2,0.6981132075471698
KNN,False,False,euclidean,15,"cats off, norm off",0,5,6,3,0.8301886792452831
KNN,False,False,euclidean,15,"cats off, norm off",0,5,6,4,0.6981132075471698
KNN,False,False,euclidean,15,"cats off, norm off",0,5,6,5,0.7962962962962963
KNN,False,False,euclidean,15,"cats off, norm off",0,5,6,6,0.7924528301886793
KNN,False,False,euclidean,15,"cats off, norm off",0,5,6,7,0.7547169811320755
KNN,False,False,euclidean,15,"cats off, norm off",0,5,6,8,0.7924528301886793
KNN,False,False,euclidean,15,"cats off, norm off",0,5,6,9,0.7169811320754716
KNN,False,False,euclidean,15,"cats off, norm off",0,5,6,10,0.8518518518518519
KNN,False,False,euclidean,15,"cats off, norm off",0,5,6,11,0.7169811320754716
KNN,False,False,euclidean,15,"cats off, norm off",0,5,6,12,0.7169811320754716
KNN,False,False,euclidean,15,"cats off, norm off",0,5,6,13,0.7924528301886793
KNN,False,False,euclidean,15,"cats off, norm off",0,5,6,14,0.6981132075471698
KNN,False,False,euclidean,15,"cats off, norm off",0,5,6,15,0.7407407407407407
KNN,False,False,euclidean,15,"cats off, norm off",0,5,6,16,0.6792452830188679
KNN,False,False,euclidean,15,"cats off, norm off",0,5,6,17,0.7358490566037735
KNN,False,False,euclidean,15,"cats off, norm off",0,5,6,18,0.7924528301886793
KNN,False,False,euclidean,15,"cats off, norm off",0,5,6,19,0.7924528301886793
KNN,False,False,euclidean,15,"cats off, norm off",0,5,6,20,0.7592592592592593
KNN,False,False,euclidean,15,"cats off, norm off",0,5,6,21,0.6981132075471698
KNN,False,False,euclidean,15,"cats off, norm off",0,5,6,22,0.7547169811320755
KNN,False,False,euclidean,15,"cats off, norm off",0,5,6,23,0.7547169811320755
KNN,False,False,euclidean,15,"cats off, norm off",0,5,6,24,0.7924528301886793
KNN,False,False,euclidean,15,"cats off, norm off",0,5,6,25,0.6851851851851852
KNN,False,False,euclidean,15,"cats off, norm off",0,5,6,26,0.8113207547169812
KNN,False,False,euclidean,15,"cats off, norm off",0,5,6,27,0.660377358490566
KNN,False,False,euclidean,15,"cats off, norm off",0,5,6,28,0.7358490566037735
KNN,False,False,euclidean,15,"cats off, norm off",0,5,6,29,0.7358490566037735
KNN,False,False,euclidean,25,"cats off, norm off",0,5,6,0,0.7407407407407407
KNN,False,False,euclidean,25,"cats off, norm off",0,5,6,1,0.7735849056603774
KNN,False,False,euclidean,25,"cats off, norm off",0,5,6,2,0.660377358490566
KNN,False,False,euclidean,25,"cats off, norm off",0,5,6,3,0.8113207547169812
KNN,False,False,euclidean,25,"cats off, norm off",0,5,6,4,0.7169811320754716
KNN,False,False,euclidean,25,"cats off, norm off",0,5,6,5,0.8148148148148148
KNN,False,False,euclidean,25,"cats off, norm off",0,5,6,6,0.7358490566037735
KNN,False,False,euclidean,25,"cats off, norm off",0,5,6,7,0.7358490566037735
KNN,False,False,euclidean,25,"cats off, norm off",0,5,6,8,0.8113207547169812
KNN,False,False,euclidean,25,"cats off, norm off",0,5,6,9,0.7169811320754716
KNN,False,False,euclidean,25,"cats off, norm off",0,5,6,10,0.8148148148148148
KNN,False,False,euclidean,25,"cats off, norm off",0,5,6,11,0.6981132075471698
KNN,False,False,euclidean,25,"cats off, norm off",0,5,6,12,0.7547169811320755
KNN,False,False,euclidean,25,"cats off, norm off",0,5,6,13,0.8301886792452831
KNN,False,False,euclidean,25,"cats off, norm off",0,5,6,14,0.7547169811320755
KNN,False,False,euclidean,25,"cats off, norm off",0,5,6,15,0.7407407407407407
KNN,False,False,euclidean,25,"cats off, norm off",0,5,6,16,0.6981132075471698
KNN,False,False,euclidean,25,"cats off, norm off",0,5,6,17,0.6981132075471698
KNN,False,False,euclidean,25,"cats off, norm off",0,5,6,18,0.7735849056603774
KNN,False,False,euclidean,25,"cats off, norm off",0,5,6,19,0.7735849056603774
KNN,False,False,euclidean,25,"cats off, norm off",0,5,6,20,0.7592592592592593
KNN,False,False,euclidean,25,"cats off, norm off",0,5,6,21,0.7735849056603774
KNN,False,False,euclidean,25,"cats off, norm off",0,5,6,22,0.7924528301886793
KNN,False,False,euclidean,25,"cats off, norm off",0,5,6,23,0.7547169811320755
KNN,False,False,euclidean,25,"cats off, norm off",0,5,6,24,0.7924528301886793
KNN,False,False,euclidean,25,"cats off, norm off",0,5,6,25,0.7222222222222222
KNN,False,False,euclidean,25,"cats off, norm off",0,5,6,26,0.8301886792452831
KNN,False,False,euclidean,25,"cats off, norm off",0,5,6,27,0.660377358490566
KNN,False,False,euclidean,25,"cats off, norm off",0,5,6,28,0.7735849056603774
KNN,False,False,euclidean,25,"cats off, norm off",0,5,6,29,0.7735849056603774
KNN,False,False,euclidean,45,"cats off, norm off",0,5,6,0,0.7592592592592593
KNN,False,False,euclidean,45,"cats off, norm off",0,5,6,1,0.7924528301886793
KNN,False,False,euclidean,45,"cats off, norm off",0,5,6,2,0.6792452830188679
KNN,False,False,euclidean,45,"cats off, norm off",0,5,6,3,0.8113207547169812
KNN,False,False,euclidean,45,"cats off, norm off",0,5,6,4,0.6981132075471698
KNN,False,False,euclidean,45,"cats off, norm off",0,5,6,5,0.7962962962962963
KNN,False,False,euclidean,45,"cats off, norm off",0,5,6,6,0.7547169811320755
KNN,False,False,euclidean,45,"cats off, norm off",0,5,6,7,0.7547169811320755
KNN,False,False,euclidean,45,"cats off, norm off",0,5,6,8,0.8490566037735849
KNN,False,False,euclidean,45,"cats off, norm off",0,5,6,9,0.7169811320754716
KNN,False,False,euclidean,45,"cats off, norm off",0,5,6,10,0.8333333333333334
KNN,False,False,euclidean,45,"cats off, norm off",0,5,6,11,0.7169811320754716
KNN,False,False,euclidean,45,"cats off, norm off",0,5,6,12,0.7735849056603774
KNN,False,False,euclidean,45,"cats off, norm off",0,5,6,13,0.7924528301886793
KNN,False,False,euclidean,45,"cats off, norm off",0,5,6,14,0.6792452830188679
KNN,False,False,euclidean,45,"cats off, norm off",0,5,6,15,0.7592592592592593
KNN,False,False,euclidean,45,"cats off, norm off",0,5,6,16,0.7547169811320755
KNN,False,False,euclidean,45,"cats off, norm off",0,5,6,17,0.7358490566037735
KNN,False,False,euclidean,45,"cats off, norm off",0,5,6,18,0.8113207547169812
KNN,False,False,euclidean,45,"cats off, norm off",0,5,6,19,0.8301886792452831
KNN,False,False,euclidean,45,"cats off, norm off",0,5,6,20,0.7962962962962963
KNN,False,False,euclidean,45,"cats off, norm off",0,5,6,21,0.6792452830188679
KNN,False,False,euclidean,45,"cats off, norm off",0,5,6,22,0.8301886792452831
KNN,False,False,euclidean,45,"cats off, norm off",0,5,6,23,0.7547169811320755
KNN,False,False,euclidean,45,"cats off, norm off",0,5,6,24,0.7735849056603774
KNN,False,False,euclidean,45,"cats off, norm off",0,5,6,25,0.6851851851851852
KNN,False,False,euclidean,45,"cats off, norm off",0,5,6,26,0.8490566037735849
KNN,False,False,euclidean,45,"cats off, norm off",0,5,6,27,0.6981132075471698
KNN,False,False,euclidean,45,"cats off, norm off",0,5,6,28,0.7358490566037735
KNN,False,False,euclidean,45,"cats off, norm off",0,5,6,29,0.8113207547169812
KNN,False,False,manhattan,1,"cats off, norm off",0,5,6,0,0.7962962962962963
KNN,False,False,manhattan,1,"cats off, norm off",0,5,6,1,0.7547169811320755
KNN,False,False,manhattan,1,"cats off, norm off",0,5,6,2,0.7358490566037735
KNN,False,False,manhattan,1,"cats off, norm off",0,5,6,3,0.7169811320754716
KNN,False,False,manhattan,1,"cats off, norm off",0,5,6,4,0.7169811320754716
KNN,False,False,manhattan,1,"cats off, norm off",0,5,6,5,0.7592592592592593
KNN,False,False,manhattan,1,"cats off, norm off",0,5,6,6,0.7735849056603774
KNN,False,False,manhattan,1,"cats off, norm off",0,5,6,7,0.7547169811320755
KNN,False,False,manhattan,1,"cats off, norm off",0,5,6,8,0.8113207547169812
KNN,False,False,manhattan,1,"cats off, norm off",0,5,6,9,0.8301886792452831
KNN,False,False,manhattan,1,"cats off, norm off",0,5,6,10,0.7592592592592593
KNN,False,False,manhattan,1,"cats off, norm off",0,5,6,11,0.7358490566037735
KNN,False,False,manhattan,1,"cats off, norm off",0,5,6,12,0.660377358490566
KNN,False,False,manhattan,1,"cats off, norm off",0,5,6,13,0.7547169811320755
KNN,False,False,manhattan,1,"cats off, norm off",0,5,6,14,0.7169811320754716
KNN,False,False,manhattan,1,"cats off, norm off",0,5,6,15,0.7592592592592593
KNN,False,False,manhattan,1,"cats off, norm off",0,5,6,16,0.7169811320754716
KNN,False,False,manhattan,1,"cats off, norm off",0,5,6,17,0.7924528301886793
KNN,False,False,manhattan,1,"cats off, norm off",0,5,6,18,0.8301886792452831
KNN,False,False,manhattan,1,"cats off, norm off",0,5,6,19,0.7735849056603774
KNN,False,False,manhattan,1,"cats off, norm off",0,5,6,20,0.7222222222222222
KNN,False,False,manhattan,1,"cats off, norm off",0,5,6,21,0.7169811320754716
KNN,False,False,manhattan,1,"cats off, norm off",0,5,6,22,0.7358490566037735
KNN,False,False,manhattan,1,"cats off, norm off",0,5,6,23,0.7735849056603774
KNN,False,False,manhattan,1,"cats off, norm off",0,5,6,24,0.7735849056603774
KNN,False,False,manhattan,1,"cats off, norm off",0,5,6,25,0.7592592592592593
KNN,False,False,manhattan,1,"cats off, norm off",0,5,6,26,0.7358490566037735
KNN,False,False,manhattan,1,"cats off, norm off",0,5,6,27,0.6981132075471698
KNN,False,False,manhattan,1,"cats off, norm off",0,5,6,28,0.7735849056603774
KNN,False,False,manhattan,1,"cats off, norm off",0,5,6,29,0.6981132075471698
KNN,False,False,manhattan,3,"cats off, norm off",0,5,6,0,0.7592592592592593
KNN,False,False,manhattan,3,"cats off, norm off",0,5,6,1,0.7358490566037735
KNN,False,False,manhattan,3,"cats off, norm off",0,5,6,2,0.660377358490566
KNN,False,False,manhattan,3,"cats off, norm off",0,5,6,3,0.7924528301886793
KNN,False,False,manhattan,3,"cats off, norm off",0,5,6,4,0.7735849056603774
KNN,False,False,manhattan,3,"cats off, norm off",0,5,6,5,0.7592592592592593
KNN,False,False,manhattan,3,"cats off, norm off",0,5,6,6,0.7924528301886793
KNN,False,False,manhattan,3,"cats off, norm off",0,5,6,7,0.7924528301886793
KNN,False,False,manhattan,3,"cats off, norm off",0,5,6,8,0.7169811320754716
KNN,False,False,manhattan,3,"cats off, norm off",0,5,6,9,0.7547169811320755
KNN,False,False,manhattan,3,"cats off, norm off",0,5,6,10,0.7962962962962963
KNN,False,False,manhattan,3,"cats off, norm off",0,5,6,11,0.6981132075471698
KNN,False,False,manhattan,3,"cats off, norm off",0,5,6,12,0.7358490566037735
KNN,False,False,manhattan,3,"cats off, norm off",0,5,6,13,0.7735849056603774
KNN,False,False,manhattan,3,"cats off, norm off",0,5,6,14,0.7358490566037735
KNN,False,False,manhattan,3,"cats off, norm off",0,5,6,15,0.7777777777777778
KNN,False,False,manhattan,3,"cats off, norm off",0,5,6,16,0.660377358490566
KNN,False,False,manhattan,3,"cats off, norm off",0,5,6,17,0.7547169811320755
KNN,False,False,manhattan,3,"cats off, norm off",0,5,6,18,0.8301886792452831
KNN,False,False,manhattan,3,"cats off, norm off",0,5,6,19,0.7358490566037735
KNN,False,False,manhattan,3,"cats off, norm off",0,5,6,20,0.7777777777777778
KNN,False,False,manhattan,3,"cats off, norm off",0,5,6,21,0.7169811320754716
KNN,False,False,manhattan,3,"cats off, norm off",0,5,6,22,0.8301886792452831
KNN,False,False,manhattan,3,"cats off, norm off",0,5,6,23,0.7169811320754716
KNN,False,False,manhattan,3,"cats off, norm off",0,5,6,24,0.7735849056603774
KNN,False,False,manhattan,3,"cats off, norm off",0,5,6,25,0.5925925925925926
KNN,False,False,manhattan,3,"cats off, norm off",0,5,6,26,0.7547169811320755
KNN,False,False,manhattan,3,"cats off, norm off",0,5,6,27,0.6792452830188679
KNN,False,False,manhattan,3,"cats off, norm off",0,5,6,28,0.7924528301886793
KNN,False,False,manhattan,3,"cats off, norm off",0,5,6,29,0.6981132075471698
KNN,False,False,manhattan,5,"cats off, norm off",0,5,6,0,0.8333333333333334
KNN,False,False,manhattan,5,"cats off, norm off",0,5,6,1,0.6981132075471698
KNN,False,False,manhattan,5,"cats off, norm off",0,5,6,2,0.6981132075471698
KNN,False,False,manhattan,5,"cats off, norm off",0,5,6,3,0.7547169811320755
KNN,False,False,manhattan,5,"cats off, norm off",0,5,6,4,0.7358490566037735
KNN,False,False,manhattan,5,"cats off, norm off",0,5,6,5,0.8148148148148148
KNN,False,False,manhattan,5,"cats off, norm off",0,5,6,6,0.7735849056603774
KNN,False,False,manhattan,5,"cats off, norm off",0,5,6,7,0.7358490566037735
KNN,False,False,manhattan,5,"cats off, norm off",0,5,6,8,0.7924528301886793
KNN,False,False,manhattan,5,"cats off, norm off",0,5,6,9,0.7547169811320755
KNN,False,False,manhattan,5,"cats off, norm off",0,5,6,10,0.8703703703703703
KNN,False,False,manhattan,5,"cats off, norm off",0,5,6,11,0.6981132075471698
KNN,False,False,manhattan,5,"cats off, norm off",0,5,6,12,0.7735849056603774
KNN,False,False,manhattan,5,"cats off, norm off",0,5,6,13,0.7735849056603774
KNN,False,False,manhattan,5,"cats off, norm off",0,5,6,14,0.7358490566037735
KNN,False,False,manhattan,5,"cats off, norm off",0,5,6,15,0.7407407407407407
KNN,False,False,manhattan,5,"cats off, norm off",0,5,6,16,0.7169811320754716
KNN,False,False,manhattan,5,"cats off, norm off",0,5,6,17,0.7547169811320755
KNN,False,False,manhattan,5,"cats off, norm off",0,5,6,18,0.8301886792452831
KNN,False,False,manhattan,5,"cats off, norm off",0,5,6,19,0.7547169811320755
KNN,False,False,manhattan,5,"cats off, norm off",0,5,6,20,0.7222222222222222
KNN,False,False,manhattan,5,"cats off, norm off",0,5,6,21,0.7735849056603774
KNN,False,False,manhattan,5,"cats off, norm off",0,5,6,22,0.8113207547169812
KNN,False,False,manhattan,5,"cats off, norm off",0,5,6,23,0.7547169811320755
KNN,False,False,manhattan,5,"cats off, norm off",0,5,6,24,0.7924528301886793
KNN,False,False,manhattan,5,"cats off, norm off",0,5,6,25,0.7222222222222222
KNN,False,False,manhattan,5,"cats off, norm off",0,5,6,26,0.8301886792452831
KNN,False,False,manhattan,5,"cats off, norm off",0,5,6,27,0.6792452830188679
KNN,False,False,manhattan,5,"cats off, norm off",0,5,6,28,0.7735849056603774
KNN,False,False,manhattan,5,"cats off, norm off",0,5,6,29,0.7358490566037735
KNN,False,False,manhattan,9,"cats off, norm off",0,5,6,0,0.7592592592592593
KNN,False,False,manhattan,9,"cats off, norm off",0,5,6,1,0.7358490566037735
KNN,False,False,manhattan,9,"cats off, norm off",0,5,6,2,0.7358490566037735
KNN,False,False,manhattan,9,"cats off, norm off",0,5,6,3,0.8490566037735849
KNN,False,False,manhattan,9,"cats off, norm off",0,5,6,4,0.7169811320754716
KNN,False,False,manhattan,9,"cats off, norm off",0,5,6,5,0.7407407407407407
KNN,False,False,manhattan,9,"cats off, norm off",0,5,6,6,0.7358490566037735
KNN,False,False,manhattan,9,"cats off, norm off",0,5,6,7,0.7358490566037735
KNN,False,False,manhattan,9,"cats off, norm off",0,5,6,8,0.8113207547169812
KNN,False,False,manhattan,9,"cats off, norm off",0,5,6,9,0.7735849056603774
KNN,False,False,manhattan,9,"cats off, norm off",0,5,6,10,0.8518518518518519
KNN,False,False,manhattan,9,"cats off, norm off",0,5,6,11,0.6981132075471698
KNN,False,False,manhattan,9,"cats off, norm off",0,5,6,12,0.7358490566037735
KNN,False,False,manhattan,9,"cats off, norm off",0,5,6,13,0.7547169811320755
KNN,False,False,manhattan,9,"cats off, norm off",0,5,6,14,0.7169811320754716
KNN,False,False,manhattan,9,"cats off, norm off",0,5,6,15,0.7407407407407407
KNN,False,False,manhattan,9,"cats off, norm off",0,5,6,16,0.7169811320754716
KNN,False,False,manhattan,9,"cats off, norm off",0,5,6,17,0.7358490566037735
KNN,False,False,manhattan,9,"cats off, norm off",0,5,6,18,0.8113207547169812
KNN,False,False,manhattan,9,"cats off, norm off",0,5,6,19,0.7358490566037735
KNN,False,False,manhattan,9,"cats off, norm off",0,5,6,20,0.7592592592592593
KNN,False,False,manhattan,9,"cats off, norm off",0,5,6,21,0.7547169811320755
KNN,False,False,manhattan,9,"cats off, norm off",0,5,6,22,0.7735849056603774
KNN,False,False,manhattan,9,"cats off, norm off",0,5,6,23,0.7547169811320755
KNN,False,False,manhattan,9,"cats off, norm off",0,5,6,24,0.7924528301886793
KNN,False,False,manhattan,9,"cats off, norm off",0,5,6,25,0.7037037037037037
KNN,False,False,manhattan,9,"cats off, norm off",0,5,6,26,0.8113207547169812
KNN,False,False,manhattan,9,"cats off, norm off",0,5,6,27,0.660377358490566
KNN,False,False,manhattan,9,"cats off, norm off",0,5,6,28,0.7169811320754716
KNN,False,False,manhattan,9,"cats off, norm off",0,5,6,29,0.7358490566037735
KNN,False,False,manhattan,15,"cats off, norm off",0,5,6,0,0.7592592592592593
KNN,False,False,manhattan,15,"cats off, norm off",0,5,6,1,0.7547169811320755
KNN,False,False,manhattan,15,"cats off, norm off",0,5,6,2,0.6981132075471698
KNN,False,False,manhattan,15,"cats off, norm off",0,5,6,3,0.8490566037735849
KNN,False,False,manhattan,15,"cats off, norm off",0,5,6,4,0.7169811320754716
KNN,False,False,manhattan,15,"cats off, norm off",0,5,6,5,0.7962962962962963
KNN,False,False,manhattan,15,"cats off, norm off",0,5,6,6,0.8113207547169812
KNN,False,False,manhattan,15,"cats off, norm off",0,5,6,7,0.7547169811320755
KNN,False,False,manhattan,15,"cats off, norm off",0,5,6,8,0.8113207547169812
KNN,False,False,manhattan,15,"cats off, norm off",0,5,6,9,0.7169811320754716
KNN,False,False,manhattan,15,"cats off, norm off",0,5,6,10,0.8518518518518519
KNN,False,False,manhattan,15,"cats off, norm off",0,5,6,11,0.7169811320754716
KNN,False,False,manhattan,15,"cats off, norm off",0,5,6,12,0.7169811320754716
KNN,False,False,manhattan,15,"cats off, norm off",0,5,6,13,0.7924528301886793
KNN,False,False,manhattan,15,"cats off, norm off",0,5,6,14,0.6981132075471698
KNN,False,False,manhattan,15,"cats off, norm off",0,5,6,15,0.7407407407407407
KNN,False,False,manhattan,15,"cats off, norm off",0,5,6,16,0.6792452830188679
KNN,False,False,manhattan,15,"cats off, norm off",0,5,6,17,0.7358490566037735
KNN,False,False,manhattan,15,"cats off, norm off",0,5,6,18,0.8113207547169812
KNN,False,False,manhattan,15,"cats off, norm off",0,5,6,19,0.7924528301886793
KNN,False,False,manhattan,15,"cats off, norm off",0,5,6,20,0.7777777777777778
KNN,False,False,manhattan,15,"cats off, norm off",0,5,6,21,0.7169811320754716
KNN,False,False,manhattan,15,"cats off, norm off",0,5,6,22,0.7547169811320755
KNN,False,False,manhattan,15,"cats off, norm off",0,5,6,23,0.7547169811320755
KNN,False,False,manhattan,15,"cats off, norm off",0,5,6,24,0.7924528301886793
KNN,False,False,manhattan,15,"cats off, norm off",0,5,6,25,0.6851851851851852
KNN,False,False,manhattan,15,"cats off, norm off",0,5,6,26,0.8301886792452831
KNN,False,False,manhattan,15,"cats off, norm off",0,5,6,27,0.660377358490566
KNN,False,False,manhattan,15,"cats off, norm off",0,5,6,28,0.7358490566037735
KNN,False,False,manhattan,15,"cats off, norm off",0,5,6,29,0.7358490566037735
KNN,False,False,manhattan,25,"cats off, norm off",0,5,6,0,0.7407407407407407
KNN,False,False,manhattan,25,"cats off, norm off",0,5,6,1,0.7735849056603774
KNN,False,False,manhattan,25,"cats off, norm off",0,5,6,2,0.660377358490566
KNN,False,False,manhattan,25,"cats off, norm off",0,5,6,3,0.8113207547169812
KNN,False,False,manhattan,25,"cats off, norm off",0,5,6,4,0.7169811320754716
KNN,False,False,manhattan,25,"cats off, norm off",0,5,6,5,0.8148148148148148
KNN,False,False,manhattan,25,"cats off, norm off",0,5,6,6,0.7358490566037735
KNN,False,False,manhattan,25,"cats off, norm off",0,5,6,7,0.7358490566037735
KNN,False,False,manhattan,25,"cats off, norm off",0,5,6,8,0.8301886792452831
KNN,False,False,manhattan,25,"cats off, norm off",0,5,6,9,0.6981132075471698
KNN,False,False,manhattan,25,"cats off, norm off",0,5,6,10,0.8148148148148148
KNN,False,False,manhattan,25,"cats off, norm off",0,5,6,11,0.6981132075471698
KNN,False,False,manhattan,25,"cats off, norm off",0,5,6,12,0.7547169811320755
KNN,False,False,manhattan,25,"cats off, norm off",0,5,6,13,0.8301886792452831
KNN,False,False,manhattan,25,"cats off, norm off",0,5,6,14,0.7547169811320755
KNN,False,False,manhattan,25,"cats off, norm off",0,5,6,15,0.7407407407407407
KNN,False,False,manhattan,25,"cats off, norm off",0,5,6,16,0.7358490566037735
KNN,False,False,manhattan,25,"cats off, norm off",0,5,6,17,0.6981132075471698
KNN,False,False,manhattan,25,"cats off, norm off",0,5,6,18,0.7735849056603774
KNN,False,False,manhattan,25,"cats off, norm off",0,5,6,19,0.7735849056603774
KNN,False,False,manhattan,25,"cats off, norm off",0,5,6,20,0.7592592592592593
KNN,False,False,manhattan,25,"cats off, norm off",0,5,6,21,0.7735849056603774
KNN,False,False,manhattan,25,"cats off, norm off",0,5,6,22,0.8301886792452831
KNN,False,False,manhattan,25,"cats off, norm off",0,5,6,23,0.7547169811320755
KNN,False,False,manhattan,25,"cats off, norm off",0,5,6,24,0.7924528301886793
KNN,False,False,manhattan,25,"cats off, norm off",0,5,6,25,0.7222222222222222
KNN,False,False,manhattan,25,"cats off, norm off",0,5,6,26,0.8301886792452831
KNN,False,False,manhattan,25,"cats off, norm off",0,5,6,27,0.660377358490566
KNN,False,False,manhattan,25,"cats off, norm off",0,5,6,28,0.7735849056603774
KNN,False,False,manhattan,25,"cats off, norm off",0,5,6,29,0.7735849056603774
KNN,False,False,manhattan,45,"cats off, norm off",0,5,6,0,0.7592592592592593
KNN,False,False,manhattan,45,"cats off, norm off",0,5,6,1,0.7924528301886793
KNN,False,False,manhattan,45,"cats off, norm off",0,5,6,2,0.6792452830188679
KNN,False,False,manhattan,45,"cats off, norm off",0,5,6,3,0.8113207547169812
KNN,False,False,manhattan,45,"cats off, norm off",0,5,6,4,0.6981132075471698
KNN,False,False,manhattan,45,"cats off, norm off",0,5,6,5,0.7962962962962963
KNN,False,False,manhattan,45,"cats off, norm off",0,5,6,6,0.7547169811320755
KNN,False,False,manhattan,45,"cats off, norm off",0,5,6,7,0.7547169811320755
KNN,False,False,manhattan,45,"cats off, norm off",0,5,6,8,0.8490566037735849
KNN,False,False,manhattan,45,"cats off, norm off",0,5,6,9,0.7169811320754716
KNN,False,False,manhattan,45,"cats off, norm off",0,5,6,10,0.8333333333333334
KNN,False,False,manhattan,45,"cats off, norm off",0,5,6,11,0.7169811320754716
KNN,False,False,manhattan,45,"cats off, norm off",0,5,6,12,0.7735849056603774
KNN,False,False,manhattan,45,"cats off, norm off",0,5,6,13,0.7924528301886793
KNN,False,False,manhattan,45,"cats off, norm off",0,5,6,14,0.6792452830188679
KNN,False,False,manhattan,45,"cats off, norm off",0,5,6,15,0.7592592592592593
KNN,False,False,manhattan,45,"cats off, norm off",0,5,6,16,0.7547169811320755
KNN,False,False,manhattan,45,"cats off, norm off",0,5,6,17,0.7358490566037735
KNN,False,False,manhattan,45,"cats off, norm off",0,5,6,18,0.8113207547169812
KNN,False,False,manhattan,45,"cats off, norm off",0,5,6,19,0.8301886792452831
KNN,False,False,manhattan,45,"cats off, norm off",0,5,6,20,0.7962962962962963
KNN,False,False,manhattan,45,"cats off, norm off",0,5,6,21,0.6792452830188679
KNN,False,False,manhattan,45,"cats off, norm off",0,5,6,22,0.8301886792452831
KNN,False,False,manhattan,45,"cats off, norm off",0,5,6,23,0.7547169811320755
KNN,False,False,manhattan,45,"cats off, norm off",0,5,6,24,0.7735849056603774
KNN,False,False,manhattan,45,"cats off, norm off",0,5,6,25,0.6851851851851852
KNN,False,False,manhattan,45,"cats off, norm off",0,5,6,26,0.8490566037735849
KNN,False,False,manhattan,45,"cats off, norm off",0,5,6,27,0.6981132075471698
KNN,False,False,manhattan,45,"cats off, norm off",0,5,6,28,0.7358490566037735
KNN,False,False,manhattan,45,"cats off, norm off",0,5,6,29,0.7924528301886793
KNN,False,True,chebyshev,1,"cats off, norm on",0,5,6,0,0.8888888888888888
KNN,False,True,chebyshev,1,"cats off, norm on",0,5,6,1,0.8867924528301887
KNN,False,True,chebyshev,1,"cats off, norm on",0,5,6,2,0.8301886792452831
KNN,False,True,chebyshev,1,"cats off, norm on",0,5,6,3,0.8867924528301887
KNN,False,True,chebyshev,1,"cats off, norm on",0,5,6,4,0.9056603773584906
KNN,False,True,chebyshev,1,"cats off, norm on",0,5,6,5,0.8888888888888888
KNN,False,True,chebyshev,1,"cats off, norm on",0,5,6,6,0.8113207547169812
KNN,False,True,chebyshev,1,"cats off, norm on",0,5,6,7,0.8490566037735849
KNN,False,True,chebyshev,1,"cats off, norm on",0,5,6,8,0.9056603773584906
KNN,False,True,chebyshev,1,"cats off, norm on",0,5,6,9,0.8490566037735849
KNN,False,True,chebyshev,1,"cats off, norm on",0,5,6,10,0.8888888888888888
KNN,False,True,chebyshev,1,"cats off, norm on",0,5,6,11,0.8867924528301887
KNN,False,True,chebyshev,1,"cats off, norm on",0,5,6,12,0.9245283018867925
KNN,False,True,chebyshev,1,"cats off, norm on",0,5,6,13,0.8867924528301887
KNN,False,True,chebyshev,1,"cats off, norm on",0,5,6,14,0.9056603773584906
KNN,False,True,chebyshev,1,"cats off, norm on",0,5,6,15,0.9259259259259259
KNN,False,True,chebyshev,1,"cats off, norm on",0,5,6,16,0.8113207547169812
KNN,False,True,chebyshev,1,"cats off, norm on",0,5,6,17,0.8679245283018868
KNN,False,True,chebyshev,1,"cats off, norm on",0,5,6,18,0.8301886792452831
KNN,False,True,chebyshev,1,"cats off, norm on",0,5,6,19,0.8867924528301887
KNN,False,True,chebyshev,1,"cats off, norm on",0,5,6,20,0.9074074074074074
KNN,False,True,chebyshev,1,"cats off, norm on",0,5,6,21,0.7924528301886793
KNN,False,True,chebyshev,1,"cats off, norm on",0,5,6,22,0.9056603773584906
KNN,False,True,chebyshev,1,"cats off, norm on",0,5,6,23,0.9056603773584906
KNN,False,True,chebyshev,1,"cats off, norm on",0,5,6,24,0.8679245283018868
KNN,False,True,chebyshev,1,"cats off, norm on",0,5,6,25,0.9074074074074074
KNN,False,True,chebyshev,1,"cats off, norm on",0,5,6,26,0.8301886792452831
KNN,False,True,chebyshev,1,"cats off, norm on",0,5,6,27,0.8679245283018868
KNN,False,True,chebyshev,1,"cats off, norm on",0,5,6,28,0.8113207547169812
KNN,False,True,chebyshev,1,"cats off, norm on",0,5,6,29,0.9245283018867925
KNN,False,True,chebyshev,3,"cats off, norm on",0,5,6,0,0.8888888888888888
KNN,False,True,chebyshev,3,"cats off, norm on",0,5,6,1,0.9433962264150944
KNN,False,True,chebyshev,3,"cats off, norm on",0,5,6,2,0.8867924528301887
KNN,False,True,chebyshev,3,"cats off, norm on",0,5,6,3,0.8867924528301887
KNN,False,True,chebyshev,3,"cats off, norm on",0,5,6,4,0.8490566037735849
KNN,False,True,chebyshev,3,"cats off, norm on",0,5,6,5,0.9629629629629629
KNN,False,True,chebyshev,3,"cats off, norm on",0,5,6,6,0.8301886792452831
KNN,False,True,chebyshev,3,"cats off, norm on",0,5,6,7,0.8113207547169812
KNN,False,True,chebyshev,3,"cats off, norm on",0,5,6,8,0.9245283018867925
KNN,False,True,chebyshev,3,"cats off, norm on",0,5,6,9,0.9056603773584906
KNN,False,True,chebyshev,3,"cats off, norm on",0,5,6,10,0.8888888888888888
KNN,False,True,chebyshev,3,"cats off, norm on",0,5,6,11,0.9056603773584906
KNN,False,True,chebyshev,3,"cats off, norm on",0,5,6,12,0.9245283018867925
KNN,False,True,chebyshev,3,"cats off, norm on",0,5,6,13,0.8867924528301887
KNN,False,True,chebyshev,3,"cats off, norm on",0,5,6,14,0.9433962264150944
KNN,False,True,chebyshev,3,"cats off, norm on",0,5,6,15,0.9814814814814815
KNN,False,True,chebyshev,3,"cats off, norm on",0,5,6,16,0.8113207547169812
KNN,False,True,chebyshev,3,"cats off, norm on",0,5,6,17,0.9056603773584906
KNN,False,True,chebyshev,3,"cats off, norm on",0,5,6,18,0.8867924528301887
KNN,False,True,chebyshev,3,"cats off, norm on",0,5,6,19,0.8679245283018868
KNN,False,True,chebyshev,3,"cats off, norm on",0,5,6,20,0.9074074074074074
KNN,False,True,chebyshev,3,"cats off, norm on",0,5,6,21,0.8490566037735849
KNN,False,True,chebyshev,3,"cats off, norm on",0,5,6,22,0.9245283018867925
KNN,False,True,chebyshev,3,"cats off, norm on",0,5,6,23,0.9056603773584906
KNN,False,True,chebyshev,3,"cats off, norm on",0,5,6,24,0.9245283018867925
KNN,False,True,chebyshev,3,"cats off, norm on",0,5,6,25,0.9074074074074074
KNN,False,True,chebyshev,3,"cats off, norm on",0,5,6,26,0.8301886792452831
KNN,False,True,chebyshev,3,"cats off, norm on",0,5,6,27,0.9245283018867925
KNN,False,True,chebyshev,3,"cats off, norm on",0,5,6,28,0.9433962264150944
KNN,False,True,chebyshev,3,"cats off, norm on",0,5,6,29,0.9245283018867925
KNN,False,True,chebyshev,5,"cats off, norm on",0,5,6,0,0.8888888888888888
KNN,False,True,chebyshev,5,"cats off, norm on",0,5,6,1,0.9433962264150944
KNN,False,True,chebyshev,5,"cats off, norm on",0,5,6,2,0.8867924528301887
KNN,False,True,chebyshev,5,"cats off, norm on",0,5,6,3,0.8867924528301887
KNN,False,True,chebyshev,5,"cats off, norm on",0,5,6,4,0.9056603773584906
KNN,False,True,chebyshev,5,"cats off, norm on",0,5,6,5,0.9444444444444444
KNN,False,True,chebyshev,5,"cats off, norm on",0,5,6,6,0.8867924528301887
KNN,False,True,chebyshev,5,"cats off, norm on",0,5,6,7,0.8490566037735849
KNN,False,True,chebyshev,5,"cats off, norm on",0,5,6,8,0.9245283018867925
KNN,False,True,chebyshev,5,"cats off, norm on",0,5,6,9,0.9245283018867925
KNN,False,True,chebyshev,5,"cats off, norm on",0,5,6,10,0.9259259259259259
KNN,False,True,chebyshev,5,"cats off, norm on",0,5,6,11,0.9245283018867925
KNN,False,True,chebyshev,5,"cats off, norm on",0,5,6,12,0.9056603773584906
KNN,False,True,chebyshev,5,"cats off, norm on",0,5,6,13,0.8867924528301887
KNN,False,True,chebyshev,5,"cats off, norm on",0,5,6,14,0.9433962264150944
KNN,False,True,chebyshev,5,"cats off, norm on",0,5,6,15,0.9629629629629629
KNN,False,True,chebyshev,5,"cats off, norm on",0,5,6,16,0.7735849056603774
KNN,False,True,chebyshev,5,"cats off, norm on",0,5,6,17,0.9433962264150944
KNN,False,True,chebyshev,5,"cats off, norm on",0,5,6,18,0.9056603773584906
KNN,False,True,chebyshev,5,"cats off, norm on",0,5,6,19,0.8867924528301887
KNN,False,True,chebyshev,5,"cats off, norm on",0,5,6,20,0.9259259259259259
KNN,False,True,chebyshev,5,"cats off, norm on",0,5,6,21,0.8867924528301887
KNN,False,True,chebyshev,5,"cats off, norm on",0,5,6,22,0.9056603773584906
KNN,False,True,chebyshev,5,"cats off, norm on",0,5,6,23,0.9056603773584906
KNN,False,True,chebyshev,5,"cats off, norm on",0,5,6,24,0.9056603773584906
KNN,False,True,chebyshev,5,"cats off, norm on",0,5,6,25,0.9259259259259259
KNN,False,True,chebyshev,5,"cats off, norm on",0,5,6,26,0.8679245283018868
KNN,False,True,chebyshev,5,"cats off, norm on",0,5,6,27,0.9245283018867925
KNN,False,True,chebyshev,5,"cats off, norm on",0,5,6,28,0.9056603773584906
KNN,False,True,chebyshev,5,"cats off, norm on",0,5,6,29,0.9056603773584906
KNN,False,True,chebyshev,9,"cats off, norm on",0,5,6,0,0.8888888888888888
KNN,False,True,chebyshev,9,"cats off, norm on",0,5,6,1,0.9622641509433962
KNN,False,True,chebyshev,9,"cats off, norm on",0,5,6,2,0.8867924528301887
KNN,False,True,chebyshev,9,"cats off, norm on",0,5,6,3,0.8490566037735849
KNN,False,True,chebyshev,9,"cats off, norm on",0,5,6,4,0.9245283018867925
KNN,False,True,chebyshev,9,"cats off, norm on",0,5,6,5,0.9444444444444444
KNN,False,True,chebyshev,9,"cats off, norm on",0,5,6,6,0.8867924528301887
KNN,False,True,chebyshev,9,"cats off, norm on",0,5,6,7,0.7924528301886793
KNN,False,True,chebyshev,9,"cats off, norm on",0,5,6,8,0.9433962264150944
KNN,False,True,chebyshev,9,"cats off, norm on",0,5,6,9,0.9056603773584906
KNN,False,True,chebyshev,9,"cats off, norm on",0,5,6,10,0.9074074074074074
KNN,False,True,chebyshev,9,"cats off, norm on",0,5,6,11,0.9245283018867925
KNN,False,True,chebyshev,9,"cats off, norm on",0,5,6,12,0.9433962264150944
KNN,False,True,chebyshev,9,"cats off, norm on",0,5,6,13,0.8867924528301887
KNN,False,True,chebyshev,9,"cats off, norm on",0,5,6,14,0.9245283018867925
KNN,False,True,chebyshev,9,"cats off, norm on",0,5,6,15,0.9629629629629629
KNN,False,True,chebyshev,9,"cats off, norm on",0,5,6,16,0.7547169811320755
KNN,False,True,chebyshev,9,"cats off, norm on",0,5,6,17,0.9433962264150944
KNN,False,True,chebyshev,9,"cats off, norm on",0,5,6,18,0.9056603773584906
KNN,False,True,chebyshev,9,"cats off, norm on",0,5,6,19,0.8867924528301887
KNN,False,True,chebyshev,9,"cats off, norm on",0,5,6,20,0.9074074074074074
KNN,False,True,chebyshev,9,"cats off, norm on",0,5,6,21,0.8867924528301887
KNN,False,True,chebyshev,9,"cats off, norm on",0,5,6,22,0.9056603773584906
KNN,False,True,chebyshev,9,"cats off, norm on",0,5,6,23,0.9245283018867925
KNN,False,True,chebyshev,9,"cats off, norm on",0,5,6,24,0.9245283018867925
KNN,False,True,chebyshev,9,"cats off, norm on",0,5,6,25,0.9444444444444444
KNN,False,True,chebyshev,9,"cats off, norm on",0,5,6,26,0.8679245283018868
KNN,False,True,chebyshev,9,"cats off, norm on",0,5,6,27,0.9056603773584906
KNN,False,True,chebyshev,9,"cats off, norm on",0,5,6,28,0.9245283018867925
KNN,False,True,chebyshev,9,"cats off, norm on",0,5,6,29,0.9245283018867925
KNN,False,True,chebyshev,15,"cats off, norm on",0,5,6,0,0.9074074074074074
KNN,False,True,chebyshev,15,"cats off, norm on",0,5,6,1,0.9056603773584906
KNN,False,True,chebyshev,15,"cats off, norm on",0,5,6,2,0.9056603773584906
KNN,False,True,chebyshev,15,"cats off, norm on",0,5,6,3,0.8490566037735849
KNN,False,True,chebyshev,15,"cats off, norm on",0,5,6,4,0.9245283018867925
KNN,False,True,chebyshev,15,"cats off, norm on",0,5,6,5,0.9444444444444444
KNN,False,True,chebyshev,15,"cats off, norm on",0,5,6,6,0.8113207547169812
KNN,False,True,chebyshev,15,"cats off, norm on",0,5,6,7,0.8301886792452831
KNN,False,True,chebyshev,15,"cats off, norm on",0,5,6,8,1.0
KNN,False,True,chebyshev,15,"cats off, norm on",0,5,6,9,0.8867924528301887
KNN,False,True,chebyshev,15,"cats off, norm on",0,5,6,10,0.8703703703703703
KNN,False,True,chebyshev,15,"cats off, norm on",0,5,6,11,0.9245283018867925
KNN,False,True,chebyshev,15,"cats off, norm on",0,5,6,12,0.9056603773584906
KNN,False,True,chebyshev,15,"cats off, norm on",0,5,6,13,0.9245283018867925
KNN,False,True,chebyshev,15,"cats off, norm on",0,5,6,14,0.9245283018867925
KNN,False,True,chebyshev,15,"cats off, norm on",0,5,6,15,0.9259259259259259
KNN,False,True,chebyshev,15,"cats off, norm on",0,5,6,16,0.8301886792452831
KNN,False,True,chebyshev,15,"cats off, norm on",0,5,6,17,0.9056603773584906
KNN,False,True,chebyshev,15,"cats off, norm on",0,5,6,18,0.9433962264150944
KNN,False,True,chebyshev,15,"cats off, norm on",0,5,6,19,0.8490566037735849
KNN,False,True,chebyshev,15,"cats off, norm on",0,5,6,20,0.9074074074074074
KNN,False,True,chebyshev,15,"cats off, norm on",0,5,6,21,0.8679245283018868
KNN,False,True,chebyshev,15,"cats off, norm on",0,5,6,22,0.9056603773584906
KNN,False,True,chebyshev,15,"cats off, norm on",0,5,6,23,0.9245283018867925
KNN,False,True,chebyshev,15,"cats off, norm on",0,5,6,24,0.9056603773584906
KNN,False,True,chebyshev,15,"cats off, norm on",0,5,6,25,0.9629629629629629
KNN,False,True,chebyshev,15,"cats off, norm on",0,5,6,26,0.8867924528301887
KNN,False,True,chebyshev,15,"cats off, norm on",0,5,6,27,0.8679245283018868
KNN,False,True,chebyshev,15,"cats off, norm on",0,5,6,28,0.8867924528301887
KNN,False,True,chebyshev,15,"cats off, norm on",0,5,6,29,0.9433962264150944
KNN,False,True,chebyshev,25,"cats off, norm on",0,5,6,0,0.9074074074074074
KNN,False,True,chebyshev,25,"cats off, norm on",0,5,6,1,0.9245283018867925
KNN,False,True,chebyshev,25,"cats off, norm on",0,5,6,2,0.9056603773584906
KNN,False,True,chebyshev,25,"cats off, norm on",0,5,6,3,0.8867924528301887
KNN,False,True,chebyshev,25,"cats off, norm on",0,5,6,4,0.8679245283018868
KNN,False,True,chebyshev,25,"cats off, norm on",0,5,6,5,0.9444444444444444
KNN,False,True,chebyshev,25,"cats off, norm on",0,5,6,6,0.8113207547169812
KNN,False,True,chebyshev,25,"cats off, norm on",0,5,6,7,0.8301886792452831
KNN,False,True,chebyshev,25,"cats off, norm on",0,5,6,8,0.9811320754716981
KNN,False,True,chebyshev,25,"cats off, norm on",0,5,6,9,0.8679245283018868
KNN,False,True,chebyshev,25,"cats off, norm on",0,5,6,10,0.8703703703703703
KNN,False,True,chebyshev,25,"cats off, norm on",0,5,6,11,0.9056603773584906
KNN,False,True,chebyshev,25,"cats off, norm on",0,5,6,12,0.9056603773584906
KNN,False,True,chebyshev,25,"cats off, norm on",0,5,6,13,0.9245283018867925
KNN,False,True,chebyshev,25,"cats off, norm on",0,5,6,14,0.8867924528301887
KNN,False,True,chebyshev,25,"cats off, norm on",0,5,6,15,0.9444444444444444
KNN,False,True,chebyshev,25,"cats off, norm on",0,5,6,16,0.8113207547169812
KNN,False,True,chebyshev,25,"cats off, norm on",0,5,6,17,0.8301886792452831
KNN,False,True,chebyshev,25,"cats off, norm on",0,5,6,18,0.9245283018867925
KNN,False,True,chebyshev,25,"cats off, norm on",0,5,6,19,0.8679245283018868
KNN,False,True,chebyshev,25,"cats off, norm on",0,5,6,20,0.8888888888888888
KNN,False,True,chebyshev,25,"cats off, norm on",0,5,6,21,0.8301886792452831
KNN,False,True,chebyshev,25,"cats off, norm on",0,5,6,22,0.9056603773584906
KNN,False,True,chebyshev,25,"cats off, norm on",0,5,6,23,0.9056603773584906
KNN,False,True,chebyshev,25,"cats off, norm on",0,5,6,24,0.9245283018867925
KNN,False,True,chebyshev,25,"cats off, norm on",0,5,6,25,0.9629629629629629
KNN,False,True,chebyshev,25,"cats off, norm on",0,5,6,26,0.8679245283018868
KNN,False,True,chebyshev,25,"cats off, norm on",0,5,6,27,0.8867924528301887
KNN,False,True,chebyshev,25,"cats off, norm on",0,5,6,28,0.8679245283018868
KNN,False,True,chebyshev,25,"cats off, norm on",0,5,6,29,0.9433962264150944
KNN,False,True,chebyshev,45,"cats off, norm on",0,5,6,0,0.8703703703703703
KNN,False,True,chebyshev,45,"cats off, norm on",0,5,6,1,0.8679245283018868
KNN,False,True,chebyshev,45,"cats off, norm on",0,5,6,2,0.8679245283018868
KNN,False,True,chebyshev,45,"cats off, norm on",0,5,6,3,0.7924528301886793
KNN,False,True,chebyshev,45,"cats off, norm on",0,5,6,4,0.8867924528301887
KNN,False,True,chebyshev,45,"cats off, norm on",0,5,6,5,0.9259259259259259
KNN,False,True,chebyshev,45,"cats off, norm on",0,5,6,6,0.7735849056603774
KNN,False,True,chebyshev,45,"cats off, norm on",0,5,6,7,0.8679245283018868
KNN,False,True,chebyshev,45,"cats off, norm on",0,5,6,8,0.9245283018867925
KNN,False,True,chebyshev,45,"cats off, norm on",0,5,6,9,0.8301886792452831
KNN,False,True,chebyshev,45,"cats off, norm on",0,5,6,10,0.8518518518518519
KNN,False,True,chebyshev,45,"cats off, norm on",0,5,6,11,0.8490566037735849
KNN,False,True,chebyshev,45,"cats off, norm on",0,5,6,12,0.8301886792452831
KNN,False,True,chebyshev,45,"cats off, norm on",0,5,6,13,0.9056603773584906
KNN,False,True,chebyshev,45,"cats off, norm on",0,5,6,14,0.8490566037735849
KNN,False,True,chebyshev,45,"cats off, norm on",0,5,6,15,0.8888888888888888
KNN,False,True,chebyshev,45,"cats off, norm on",0,5,6,16,0.8113207547169812
KNN,False,True,chebyshev,45,"cats off, norm on",0,5,6,17,0.8113207547169812
KNN,False,True,chebyshev,45,"cats off, norm on",0,5,6,18,0.8490566037735849
KNN,False,True,chebyshev,45,"cats off, norm on",0,5,6,19,0.8113207547169812
KNN,False,True,chebyshev,45,"cats off, norm on",0,5,6,20,0.8148148148148148
KNN,False,True,chebyshev,45,"cats off, norm on",0,5,6,21,0.8113207547169812
KNN,False,True,chebyshev,45,"cats off, norm on",0,5,6,22,0.8867924528301887
KNN,False,True,chebyshev,45,"cats off, norm on",0,5,6,23,0.8679245283018868
KNN,False,True,chebyshev,45,"cats off, norm on",0,5,6,24,0.9433962264150944
KNN,False,True,chebyshev,45,"cats off, norm on",0,5,6,25,0.8703703703703703
KNN,False,True,chebyshev,45,"cats off, norm on",0,5,6,26,0.8301886792452831
KNN,False,True,chebyshev,45,"cats off, norm on",0,5,6,27,0.8490566037735849
KNN,False,True,chebyshev,45,"cats off, norm on",0,5,6,28,0.8490566037735849
KNN,False,True,chebyshev,45,"cats off, norm on",0,5,6,29,0.8867924528301887
KNN,False,True,euclidean,1,"cats off, norm on",0,5,6,0,0.9074074074074074
KNN,False,True,euclidean,1,"cats off, norm on",0,5,6,1,0.8679245283018868
KNN,False,True,euclidean,1,"cats off, norm on",0,5,6,2,0.8301886792452831
KNN,False,True,euclidean,1,"cats off, norm on",0,5,6,3,0.8679245283018868
KNN,False,True,euclidean,1,"cats off, norm on",0,5,6,4,0.8867924528301887
KNN,False,True,euclidean,1,"cats off, norm on",0,5,6,5,0.9074074074074074
KNN,False,True,euclidean,1,"cats off, norm on",0,5,6,6,0.8301886792452831
KNN,False,True,euclidean,1,"cats off, norm on",0,5,6,7,0.8301886792452831
KNN,False,True,euclidean,1,"cats off, norm on",0,5,6,8,0.8867924528301887
KNN,False,True,euclidean,1,"cats off, norm on",0,5,6,9,0.8490566037735849
KNN,False,True,euclidean,1,"cats off, norm on",0,5,6,10,0.8888888888888888
KNN,False,True,euclidean,1,"cats off, norm on",0,5,6,11,0.8679245283018868
KNN,False,True,euclidean,1,"cats off, norm on",0,5,6,12,0.8867924528301887
KNN,False,True,euclidean,1,"cats off, norm on",0,5,6,13,0.8301886792452831
KNN,False,True,euclidean,1,"cats off, norm on",0,5,6,14,0.8679245283018868
KNN,False,True,euclidean,1,"cats off, norm on",0,5,6,15,0.9074074074074074
KNN,False,True,euclidean,1,"cats off, norm on",0,5,6,16,0.7924528301886793
KNN,False,True,euclidean,1,"cats off, norm on",0,5,6,17,0.9056603773584906
KNN,False,True,euclidean,1,"cats off, norm on",0,5,6,18,0.8113207547169812
KNN,False,True,euclidean,1,"cats off, norm on",0,5,6,19,0.8490566037735849
KNN,False,True,euclidean,1,"cats off, norm on",0,5,6,20,0.8888888888888888
KNN,False,True,euclidean,1,"cats off, norm on",0,5,6,21,0.8113207547169812
KNN,False,True,euclidean,1,"cats off, norm on",0,5,6,22,0.8867924528301887
KNN,False,True,euclidean,1,"cats off, norm on",0,5,6,23,0.8867924528301887
KNN,False,True,euclidean,1,"cats off, norm on",0,5,6,24,0.8867924528301887
KNN,False,True,euclidean,1,"cats off, norm on",0,5,6,25,0.8703703703703703
KNN,False,True,euclidean,1,"cats off, norm on",0,5,6,26,0.8301886792452831
KNN,False,True,euclidean,1,"cats off, norm on",0,5,6,27,0.8113207547169812
KNN,False,True,euclidean,1,"cats off, norm on",0,5,6,28,0.8679245283018868
KNN,False,True,euclidean,1,"cats off, norm on",0,5,6,29,0.9245283018867925
KNN,False,True,euclidean,3,"cats off, norm on",0,5,6,0,0.8888888888888888
KNN,False,True,euclidean,3,"cats off, norm on",0,5,6,1,0.9433962264150944
KNN,False,True,euclidean,3,"cats off, norm on",0,5,6,2,0.8679245283018868
KNN,False,True,euclidean,3,"cats off, norm on",0,5,6,3,0.8867924528301887
KNN,False,True,euclidean,3,"cats off, norm on",0,5,6,4,0.9056603773584906
KNN,False,True,euclidean,3,"cats off, norm on",0,5,6,5,0.9259259259259259
KNN,False,True,euclidean,3,"cats off, norm on",0,5,6,6,0.8679245283018868
KNN,False,True,euclidean,3,"cats off, norm on",0,5,6,7,0.8301886792452831
KNN,False,True,euclidean,3,"cats off, norm on",0,5,6,8,0.9056603773584906
KNN,False,True,euclidean,3,"cats off, norm on",0,5,6,9,0.9245283018867925
KNN,False,True,euclidean,3,"cats off, norm on",0,5,6,10,0.9074074074074074
KNN,False,True,euclidean,3,"cats off, norm on",0,5,6,11,0.9056603773584906
KNN,False,True,euclidean,3,"cats off, norm on",0,5,6,12,0.9056603773584906
KNN,False,True,euclidean,3,"cats off, norm on",0,5,6,13,0.8867924528301887
KNN,False,True,euclidean,3,"cats off, norm on",0,5,6,14,0.9433962264150944
KNN,False,True,euclidean,3,"cats off, norm on",0,5,6,15,0.9629629629629629
KNN,False,True,euclidean,3,"cats off, norm on",0,5,6,16,0.7547169811320755
KNN,False,True,euclidean,3,"cats off, norm on",0,5,6,17,0.9056603773584906
KNN,False,True,euclidean,3,"cats off, norm on",0,5,6,18,0.8867924528301887
KNN,False,True,euclidean,3,"cats off, norm on",0,5,6,19,0.9245283018867925
KNN,False,True,euclidean,3,"cats off, norm on",0,5,6,20,0.9074074074074074
KNN,False,True,euclidean,3,"cats off, norm on",0,5,6,21,0.8490566037735849
KNN,False,True,euclidean,3,"cats off, norm on",0,5,6,22,0.9245283018867925
KNN,False,True,euclidean,3,"cats off, norm on",0,5,6,23,0.9056603773584906
KNN,False,True,euclidean,3,"cats off, norm on",0,5,6,24,0.9056603773584906
KNN,False,True,euclidean,3,"cats off, norm on",0,5,6,25,0.9074074074074074
KNN,False,True,euclidean,3,"cats off, norm on",0,5,6,26,0.8490566037735849
KNN,False,True,euclidean,3,"cats off, norm on",0,5,6,27,0.9245283018867925
KNN,False,True,euclidean,3,"cats off, norm on",0,5,6,28,0.9245283018867925
KNN,False,True,euclidean,3,"cats off, norm on",0,5,6,29,0.9056603773584906
KNN,False,True,euclidean,5,"cats off, norm on",0,5,6,0,0.9259259259259259
KNN,False,True,euclidean,5,"cats off, norm on",0,5,6,1,0.9433962264150944
KNN,False,True,euclidean,5,"cats off, norm on",0,5,6,2,0.8867924528301887
KNN,False,True,euclidean,5,"cats off, norm on",0,5,6,3,0.8679245283018868
KNN,False,True,euclidean,5,"cats off, norm on",0,5,6,4,0.9245283018867925
KNN,False,True,euclidean,5,"cats off, norm on",0,5,6,5,0.9629629629629629
KNN,False,True,euclidean,5,"cats off, norm on",0,5,6,6,0.8867924528301887
KNN,False,True,euclidean,5,"cats off, norm on",0,5,6,7,0.8490566037735849
KNN,False,True,euclidean,5,"cats off, norm on",0,5,6,8,0.9433962264150944
KNN,False,True,euclidean,5,"cats off, norm on",0,5,6,9,0.9245283018867925
KNN,False,True,euclidean,5,"cats off, norm on",0,5,6,10,0.9629629629629629
KNN,False,True,euclidean,5,"cats off, norm on",0,5,6,11,0.9245283018867925
KNN,False,True,euclidean,5,"cats off, norm on",0,5,6,12,0.9056603773584906
KNN,False,True,euclidean,5,"cats off, norm on",0,5,6,13,0.8867924528301887
KNN,False,True,euclidean,5,"cats off, norm on",0,5,6,14,0.9622641509433962
KNN,False,True,euclidean,5,"cats off, norm on",0,5,6,15,0.9814814814814815
KNN,False,True,euclidean,5,"cats off, norm on",0,5,6,16,0.7924528301886793
KNN,False,True,euclidean,5,"cats off, norm on",0,5,6,17,0.9245283018867925
KNN,False,True,euclidean,5,"cats off, norm on",0,5,6,18,0.9245283018867925
KNN,False,True,euclidean,5,"cats off, norm on",0,5,6,19,0.9433962264150944
KNN,False,True,euclidean,5,"cats off, norm on",0,5,6,20,0.9259259259259259
KNN,False,True,euclidean,5,"cats off, norm on",0,5,6,21,0.8867924528301887
KNN,False,True,euclidean,5,"cats off, norm on",0,5,6,22,0.9433962264150944
KNN,False,True,euclidean,5,"cats off, norm on",0,5,6,23,0.9433962264150944
KNN,False,True,euclidean,5,"cats off, norm on",0,5,6,24,0.9245283018867925
KNN,False,True,euclidean,5,"cats off, norm on",0,5,6,25,0.9444444444444444
KNN,False,True,euclidean,5,"cats off, norm on",0,5,6,26,0.8867924528301887
KNN,False,True,euclidean,5,"cats off, norm on",0,5,6,27,0.9433962264150944
KNN,False,True,euclidean,5,"cats off, norm on",0,5,6,28,0.9433962264150944
KNN,False,True,euclidean,5,"cats off, norm on",0,5,6,29,0.9056603773584906
KNN,False,True,euclidean,9,"cats off, norm on",0,5,6,0,0.9074074074074074
KNN,False,True,euclidean,9,"cats off, norm on",0,5,6,1,0.9245283018867925
KNN,False,True,euclidean,9,"cats off, norm on",0,5,6,2,0.8867924528301887
KNN,False,True,euclidean,9,"cats off, norm on",0,5,6,3,0.8301886792452831
KNN,False,True,euclidean,9,"cats off, norm on",0,5,6,4,0.9056603773584906
KNN,False,True,euclidean,9,"cats off, norm on",0,5,6,5,0.9259259259259259
KNN,False,True,euclidean,9,"cats off, norm on",0,5,6,6,0.8490566037735849
KNN,False,True,euclidean,9,"cats off, norm on",0,5,6,7,0.8113207547169812
KNN,False,True,euclidean,9,"cats off, norm on",0,5,6,8,0.9811320754716981
KNN,False,True,euclidean,9,"cats off, norm on",0,5,6,9,0.9433962264150944
KNN,False,True,euclidean,9,"cats off, norm on",0,5,6,10,0.9259259259259259
KNN,False,True,euclidean,9,"cats off, norm on",0,5,6,11,0.9433962264150944
KNN,False,True,euclidean,9,"cats off, norm on",0,5,6,12,0.9056603773584906
KNN,False,True,euclidean,9,"cats off, norm on",0,5,6,13,0.8679245283018868
KNN,False,True,euclidean,9,"cats off, norm on",0,5,6,14,0.9245283018867925
KNN,False,True,euclidean,9,"cats off, norm on",0,5,6,15,0.9814814814814815
KNN,False,True,euclidean,9,"cats off, norm on",0,5,6,16,0.7924528301886793
KNN,False,True,euclidean,9,"cats off, norm on",0,5,6,17,0.9245283018867925
KNN,False,True,euclidean,9,"cats off, norm on",0,5,6,18,0.9245283018867925
KNN,False,True,euclidean,9,"cats off, norm on",0,5,6,19,0.9056603773584906
KNN,False,True,euclidean,9,"cats off, norm on",0,5,6,20,0.9074074074074074
KNN,False,True,euclidean,9,"cats off, norm on",0,5,6,21,0.9056603773584906
KNN,False,True,euclidean,9,"cats off, norm on",0,5,6,22,0.9245283018867925
KNN,False,True,euclidean,9,"cats off, norm on",0,5,6,23,0.9245283018867925
KNN,False,True,euclidean,9,"cats off, norm on",0,5,6,24,0.9056603773584906
KNN,False,True,euclidean,9,"cats off, norm on",0,5,6,25,0.9259259259259259
KNN,False,True,euclidean,9,"cats off, norm on",0,5,6,26,0.8867924528301887
KNN,False,True,euclidean,9,"cats off, norm on",0,5,6,27,0.9056603773584906
KNN,False,True,euclidean,9,"cats off, norm on",0,5,6,28,0.8867924528301887
KNN,False,True,euclidean,9,"cats off, norm on",0,5,6,29,0.9245283018867925
KNN,False,True,euclidean,15,"cats off, norm on",0,5,6,0,0.9444444444444444
KNN,False,True,euclidean,15,"cats off, norm on",0,5,6,1,0.9245283018867925
KNN,False,True,euclidean,15,"cats off, norm on",0,5,6,2,0.9245283018867925
KNN,False,True,euclidean,15,"cats off, norm on",0,5,6,3,0.8490566037735849
KNN,False,True,euclidean,15,"cats off, norm on",0,5,6,4,0.8867924528301887
KNN,False,True,euclidean,15,"cats off, norm on",0,5,6,5,0.9259259259259259
KNN,False,True,euclidean,15,"cats off, norm on",0,5,6,6,0.8113207547169812
KNN,False,True,euclidean,15,"cats off, norm on",0,5,6,7,0.8113207547169812
KNN,False,True,euclidean,15,"cats off, norm on",0,5,6,8,1.0
KNN,False,True,euclidean,15,"cats off, norm on",0,5,6,9,0.9056603773584906
KNN,False,True,euclidean,15,"cats off, norm on",0,5,6,10,0.8888888888888888
KNN,False,True,euclidean,15,"cats off, norm on",0,5,6,11,0.9056603773584906
KNN,False,True,euclidean,15,"cats off, norm on",0,5,6,12,0.9056603773584906
KNN,False,True,euclidean,15,"cats off, norm on",0,5,6,13,0.8867924528301887
KNN,False,True,euclidean,15,"cats off, norm on",0,5,6,14,0.8867924528301887
KNN,False,True,euclidean,15,"cats off, norm on",0,5,6,15,0.9259259259259259
KNN,False,True,euclidean,15,"cats off, norm on",0,5,6,16,0.7924528301886793
KNN,False,True,euclidean,15,"cats off, norm on",0,5,6,17,0.8679245283018868
KNN,False,True,euclidean,15,"cats off, norm on",0,5,6,18,0.9056603773584906
KNN,False,True,euclidean,15,"cats off, norm on",0,5,6,19,0.8679245283018868
KNN,False,True,euclidean,15,"cats off, norm on",0,5,6,20,0.8703703703703703
KNN,False,True,euclidean,15,"cats off, norm on",0,5,6,21,0.8867924528301887
KNN,False,True,euclidean,15,"cats off, norm on",0,5,6,22,0.9056603773584906
KNN,False,True,euclidean,15,"cats off, norm on",0,5,6,23,0.9056603773584906
KNN,False,True,euclidean,15,"cats off, norm on",0,5,6,24,0.9245283018867925
KNN,False,True,euclidean,15,"cats off, norm on",0,5,6,25,0.9444444444444444
KNN,False,True,euclidean,15,"cats off, norm on",0,5,6,26,0.8867924528301887
KNN,False,True,euclidean,15,"cats off, norm on",0,5,6,27,0.8490566037735849
KNN,False,True,euclidean,15,"cats off, norm on",0,5,6,28,0.8867924528301887
KNN,False,True,euclidean,15,"cats off, norm on",0,5,6,29,0.8490566037735849
KNN,False,True,euclidean,25,"cats off, norm on",0,5,6,0,0.9259259259259259
KNN,False,True,euclidean,25,"cats off, norm on",0,5,6,1,0.9056603773584906
KNN,False,True,euclidean,25,"cats off, norm on",0,5,6,2,0.8867924528301887
KNN,False,True,euclidean,25,"cats off, norm on",0,5,6,3,0.8490566037735849
KNN,False,True,euclidean,25,"cats off, norm on",0,5,6,4,0.9433962264150944
KNN,False,True,euclidean,25,"cats off, norm on",0,5,6,5,0.9259259259259259
KNN,False,True,euclidean,25,"cats off, norm on",0,5,6,6,0.8113207547169812
KNN,False,True,euclidean,25,"cats off, norm on",0,5,6,7,0.8490566037735849
KNN,False,True,euclidean,25,"cats off, norm on",0,5,6,8,0.9811320754716981
KNN,False,True,euclidean,25,"cats off, norm on",0,5,6,9,0.9056603773584906
KNN,False,True,euclidean,25,"cats off, norm on",0,5,6,10,0.8703703703703703
KNN,False,True,euclidean,25,"cats off, norm on",0,5,6,11,0.8867924528301887
KNN,False,True,euclidean,25,"cats off, norm on",0,5,6,12,0.8867924528301887
KNN,False,True,euclidean,25,"cats off, norm on",0,5,6,13,0.9245283018867925
KNN,False,True,euclidean,25,"cats off, norm on",0,5,6,14,0.9056603773584906
KNN,False,True,euclidean,25,"cats off, norm on",0,5,6,15,0.9444444444444444
KNN,False,True,euclidean,25,"cats off, norm on",0,5,6,16,0.8679245283018868
KNN,False,True,euclidean,25,"cats off, norm on",0,5,6,17,0.8679245283018868
KNN,False,True,euclidean,25,"cats off, norm on",0,5,6,18,0.9056603773584906
KNN,False,True,euclidean,25,"cats off, norm on",0,5,6,19,0.8679245283018868
KNN,False,True,euclidean,25,"cats off, norm on",0,5,6,20,0.8888888888888888
KNN,False,True,euclidean,25,"cats off, norm on",0,5,6,21,0.8679245283018868
KNN,False,True,euclidean,25,"cats off, norm on",0,5,6,22,0.9056603773584906
KNN,False,True,euclidean,25,"cats off, norm on",0,5,6,23,0.9245283018867925
KNN,False,True,euclidean,25,"cats off, norm on",0,5,6,24,0.9433962264150944
KNN,False,True,euclidean,25,"cats off, norm on",0,5,6,25,0.9629629629629629
KNN,False,True,euclidean,25,"cats off, norm on",0,5,6,26,0.8867924528301887
KNN,False,True,euclidean,25,"cats off, norm on",0,5,6,27,0.8867924528301887
KNN,False,True,euclidean,25,"cats off, norm on",0,5,6,28,0.9056603773584906
KNN,False,True,euclidean,25,"cats off, norm on",0,5,6,29,0.9056603773584906
KNN,False,True,euclidean,45,"cats off, norm on",0,5,6,0,0.9259259259259259
KNN,False,True,euclidean,45,"cats off, norm on",0,5,6,1,0.9056603773584906
KNN,False,True,euclidean,45,"cats off, norm on",0,5,6,2,0.8679245283018868
KNN,False,True,euclidean,45,"cats off, norm on",0,5,6,3,0.7924528301886793
KNN,False,True,euclidean,45,"cats off, norm on",0,5,6,4,0.8679245283018868
KNN,False,True,euclidean,45,"cats off, norm on",0,5,6,5,0.9444444444444444
KNN,False,True,euclidean,45,"cats off, norm on",0,5,6,6,0.7924528301886793
KNN,False,True,euclidean,45,"cats off, norm on",0,5,6,7,0.8867924528301887
KNN,False,True,euclidean,45,"cats off, norm on",0,5,6,8,0.9811320754716981
KNN,False,True,euclidean,45,"cats off, norm on",0,5,6,9,0.8679245283018868
KNN,False,True,euclidean,45,"cats off, norm on",0,5,6,10,0.8518518518518519
KNN,False,True,euclidean,45,"cats off, norm on",0,5,6,11,0.8867924528301887
KNN,False,True,euclidean,45,"cats off, norm on",0,5,6,12,0.8490566037735849
KNN,False,True,euclidean,45,"cats off, norm on",0,5,6,13,0.9245283018867925
KNN,False,True,euclidean,45,"cats off, norm on",0,5,6,14,0.8679245283018868
KNN,False,True,euclidean,45,"cats off, norm on",0,5,6,15,0.9444444444444444
KNN,False,True,euclidean,45,"cats off, norm on",0,5,6,16,0.8679245283018868
KNN,False,True,euclidean,45,"cats off, norm on",0,5,6,17,0.8490566037735849
KNN,False,True,euclidean,45,"cats off, norm on",0,5,6,18,0.8490566037735849
KNN,False,True,euclidean,45,"cats off, norm on",0,5,6,19,0.8301886792452831
KNN,False,True,euclidean,45,"cats off, norm on",0,5,6,20,0.8518518518518519
KNN,False,True,euclidean,45,"cats off, norm on",0,5,6,21,0.8490566037735849
KNN,False,True,euclidean,45,"cats off, norm on",0,5,6,22,0.8679245283018868
KNN,False,True,euclidean,45,"cats off, norm on",0,5,6,23,0.8867924528301887
KNN,False,True,euclidean,45,"cats off, norm on",0,5,6,24,0.9245283018867925
KNN,False,True,euclidean,45,"cats off, norm on",0,5,6,25,0.9259259259259259
KNN,False,True,euclidean,45,"cats off, norm on",0,5,6,26,0.8490566037735849
KNN,False,True,euclidean,45,"cats off, norm on",0,5,6,27,0.8679245283018868
KNN,False,True,euclidean,45,"cats off, norm on",0,5,6,28,0.8867924528301887
KNN,False,True,euclidean,45,"cats off, norm on",0,5,6,29,0.9245283018867925
KNN,False,True,manhattan,1,"cats off, norm on",0,5,6,0,0.8888888888888888
KNN,False,True,manhattan,1,"cats off, norm on",0,5,6,1,0.8490566037735849
KNN,False,True,manhattan,1,"cats off, norm on",0,5,6,2,0.8679245283018868
KNN,False,True,manhattan,1,"cats off, norm on",0,5,6,3,0.8490566037735849
KNN,False,True,manhattan,1,"cats off, norm on",0,5,6,4,0.8679245283018868
KNN,False,True,manhattan,1,"cats off, norm on",0,5,6,5,0.8888888888888888
KNN,False,True,manhattan,1,"cats off, norm on",0,5,6,6,0.8490566037735849
KNN,False,True,manhattan,1,"cats off, norm on",0,5,6,7,0.8301886792452831
KNN,False,True,manhattan,1,"cats off, norm on",0,5,6,8,0.9433962264150944
KNN,False,True,manhattan,1,"cats off, norm on",0,5,6,9,0.8867924528301887
KNN,False,True,manhattan,1,"cats off, norm on",0,5,6,10,0.9074074074074074
KNN,False,True,manhattan,1,"cats off, norm on",0,5,6,11,0.8867924528301887
KNN,False,True,manhattan,1,"cats off, norm on",0,5,6,12,0.9056603773584906
KNN,False,True,manhattan,1,"cats off, norm on",0,5,6,13,0.8679245283018868
KNN,False,True,manhattan,1,"cats off, norm on",0,5,6,14,0.8867924528301887
KNN,False,True,manhattan,1,"cats off, norm on",0,5,6,15,0.9259259259259259
KNN,False,True,manhattan,1,"cats off, norm on",0,5,6,16,0.8113207547169812
KNN,False,True,manhattan,1,"cats off, norm on",0,5,6,17,0.9433962264150944
KNN,False,True,manhattan,1,"cats off, norm on",0,5,6,18,0.8301886792452831
KNN,False,True,manhattan,1,"cats off, norm on",0,5,6,19,0.9056603773584906
KNN,False,True,manhattan,1,"cats off, norm on",0,5,6,20,0.8703703703703703
KNN,False,True,manhattan,1,"cats off, norm on",0,5,6,21,0.7924528301886793
KNN,False,True,manhattan,1,"cats off, norm on",0,5,6,22,0.8679245283018868
KNN,False,True,manhattan,1,"cats off, norm on",0,5,6,23,0.8867924528301887
KNN,False,True,manhattan,1,"cats off, norm on",0,5,6,24,0.9056603773584906
KNN,False,True,manhattan,1,"cats off, norm on",0,5,6,25,0.9074074074074074
KNN,False,True,manhattan,1,"cats off, norm on",0,5,6,26,0.8679245283018868
KNN,False,True,manhattan,1,"cats off, norm on",0,5,6,27,0.7924528301886793
KNN,False,True,manhattan,1,"cats off, norm on",0,5,6,28,0.8490566037735849
KNN,False,True,manhattan,1,"cats off, norm on",0,5,6,29,0.9245283018867925
KNN,False,True,manhattan,3,"cats off, norm on",0,5,6,0,0.9074074074074074
KNN,False,True,manhattan,3,"cats off, norm on",0,5,6,1,0.9245283018867925
KNN,False,True,manhattan,3,"cats off, norm on",0,5,6,2,0.8679245283018868
KNN,False,True,manhattan,3,"cats off, norm on",0,5,6,3,0.8490566037735849
KNN,False,True,manhattan,3,"cats off, norm on",0,5,6,4,0.8679245283018868
KNN,False,True,manhattan,3,"cats off, norm on",0,5,6,5,0.9259259259259259
KNN,False,True,manhattan,3,"cats off, norm on",0,5,6,6,0.8113207547169812
KNN,False,True,manhattan,3,"cats off, norm on",0,5,6,7,0.8301886792452831
KNN,False,True,manhattan,3,"cats off, norm on",0,5,6,8,0.9245283018867925
KNN,False,True,manhattan,3,"cats off, norm on",0,5,6,9,0.9056603773584906
KNN,False,True,manhattan,3,"cats off, norm on",0,5,6,10,0.8888888888888888
KNN,False,True,manhattan,3,"cats off, norm on",0,5,6,11,0.8679245283018868
KNN,False,True,manhattan,3,"cats off, norm on",0,5,6,12,0.8867924528301887
KNN,False,True,manhattan,3,"cats off, norm on",0,5,6,13,0.8867924528301887
KNN,False,True,manhattan,3,"cats off, norm on",0,5,6,14,0.9433962264150944
KNN,False,True,manhattan,3,"cats off, norm on",0,5,6,15,0.9259259259259259
KNN,False,True,manhattan,3,"cats off, norm on",0,5,6,16,0.7924528301886793
KNN,False,True,manhattan,3,"cats off, norm on",0,5,6,17,0.9056603773584906
KNN,False,True,manhattan,3,"cats off, norm on",0,5,6,18,0.8867924528301887
KNN,False,True,manhattan,3,"cats off, norm on",0,5,6,19,0.9245283018867925
KNN,False,True,manhattan,3,"cats off, norm on",0,5,6,20,0.9074074074074074
KNN,False,True,manhattan,3,"cats off, norm on",0,5,6,21,0.8490566037735849
KNN,False,True,manhattan,3,"cats off, norm on",0,5,6,22,0.8867924528301887
KNN,False,True,manhattan,3,"cats off, norm on",0,5,6,23,0.9245283018867925
KNN,False,True,manhattan,3,"cats off, norm on",0,5,6,24,0.9245283018867925
KNN,False,True,manhattan,3,"cats off, norm on",0,5,6,25,0.9259259259259259
KNN,False,True,manhattan,3,"cats off, norm on",0,5,6,26,0.9056603773584906
KNN,False,True,manhattan,3,"cats off, norm on",0,5,6,27,0.9056603773584906
KNN,False,True,manhattan,3,"cats off, norm on",0,5,6,28,0.9433962264150944
KNN,False,True,manhattan,3,"cats off, norm on",0,5,6,29,0.9245283018867925
KNN,False,True,manhattan,5,"cats off, norm on",0,5,6,0,0.9074074074074074
KNN,False,True,manhattan,5,"cats off, norm on",0,5,6,1,0.9245283018867925
KNN,False,True,manhattan,5,"cats off, norm on",0,5,6,2,0.8679245283018868
KNN,False,True,manhattan,5,"cats off, norm on",0,5,6,3,0.8679245283018868
KNN,False,True,manhattan,5,"cats off, norm on",0,5,6,4,0.8867924528301887
KNN,False,True,manhattan,5,"cats off, norm on",0,5,6,5,0.9444444444444444
KNN,False,True,manhattan,5,"cats off, norm on",0,5,6,6,0.8490566037735849
KNN,False,True,manhattan,5,"cats off, norm on",0,5,6,7,0.7924528301886793
KNN,False,True,manhattan,5,"cats off, norm on",0,5,6,8,0.9433962264150944
KNN,False,True,manhattan,5,"cats off, norm on",0,5,6,9,0.9245283018867925
KNN,False,True,manhattan,5,"cats off, norm on",0,5,6,10,0.8888888888888888
KNN,False,True,manhattan,5,"cats off, norm on",0,5,6,11,0.9056603773584906
KNN,False,True,manhattan,5,"cats off, norm on",0,5,6,12,0.9245283018867925
KNN,False,True,manhattan,5,"cats off, norm on",0,5,6,13,0.8679245283018868
KNN,False,True,manhattan,5,"cats off, norm on",0,5,6,14,0.9433962264150944
KNN,False,True,manhattan,5,"cats off, norm on",0,5,6,15,0.9629629629629629
KNN,False,True,manhattan,5,"cats off, norm on",0,5,6,16,0.7735849056603774
KNN,False,True,manhattan,5,"cats off, norm on",0,5,6,17,0.9245283018867925
KNN,False,True,manhattan,5,"cats off, norm on",0,5,6,18,0.8867924528301887
KNN,False,True,manhattan,5,"cats off, norm on",0,5,6,19,0.9245283018867925
KNN,False,True,manhattan,5,"cats off, norm on",0,5,6,20,0.9074074074074074
KNN,False,True,manhattan,5,"cats off, norm on",0,5,6,21,0.8301886792452831
KNN,False,True,manhattan,5,"cats off, norm on",0,5,6,22,0.9433962264150944
KNN,False,True,manhattan,5,"cats off, norm on",0,5,6,23,0.9056603773584906
KNN,False,True,manhattan,5,"cats off, norm on",0,5,6,24,0.9056603773584906
KNN,False,True,manhattan,5,"cats off, norm on",0,5,6,25,0.9074074074074074
KNN,False,True,manhattan,5,"cats off, norm on",0,5,6,26,0.8867924528301887
KNN,False,True,manhattan,5,"cats off, norm on",0,5,6,27,0.9433962264150944
KNN,False,True,manhattan,5,"cats off, norm on",0,5,6,28,0.9245283018867925
KNN,False,True,manhattan,5,"cats off, norm on",0,5,6,29,0.9056603773584906
KNN,False,True,manhattan,9,"cats off, norm on",0,5,6,0,0.8888888888888888
KNN,False,True,manhattan,9,"cats off, norm on",0,5,6,1,0.9245283018867925
KNN,False,True,manhattan,9,"cats off, norm on",0,5,6,2,0.8679245283018868
KNN,False,True,manhattan,9,"cats off, norm on",0,5,6,3,0.8490566037735849
KNN,False,True,manhattan,9,"cats off, norm on",0,5,6,4,0.9056603773584906
KNN,False,True,manhattan,9,"cats off, norm on",0,5,6,5,0.9074074074074074
KNN,False,True,manhattan,9,"cats off, norm on",0,5,6,6,0.8301886792452831
KNN,False,True,manhattan,9,"cats off, norm on",0,5,6,7,0.8490566037735849
KNN,False,True,manhattan,9,"cats off, norm on",0,5,6,8,0.9622641509433962
KNN,False,True,manhattan,9,"cats off, norm on",0,5,6,9,0.9245283018867925
KNN,False,True,manhattan,9,"cats off, norm on",0,5,6,10,0.9074074074074074
KNN,False,True,manhattan,9,"cats off, norm on",0,5,6,11,0.9433962264150944
KNN,False,True,manhattan,9,"cats off, norm on",0,5,6,12,0.9433962264150944
KNN,False,True,manhattan,9,"cats off, norm on",0,5,6,13,0.8679245283018868
KNN,False,True,manhattan,9,"cats off, norm on",0,5,6,14,0.9433962264150944
KNN,False,True,manhattan,9,"cats off, norm on",0,5,6,15,0.9814814814814815
KNN,False,True,manhattan,9,"cats off, norm on",0,5,6,16,0.7924528301886793
KNN,False,True,manhattan,9,"cats off, norm on",0,5,6,17,0.9056603773584906
KNN,False,True,manhattan,9,"cats off, norm on",0,5,6,18,0.9245283018867925
KNN,False,True,manhattan,9,"cats off, norm on",0,5,6,19,0.9433962264150944
KNN,False,True,manhattan,9,"cats off, norm on",0,5,6,20,0.9074074074074074
KNN,False,True,manhattan,9,"cats off, norm on",0,5,6,21,0.9056603773584906
KNN,False,True,manhattan,9,"cats off, norm on",0,5,6,22,0.9622641509433962
KNN,False,True,manhattan,9,"cats off, norm on",0,5,6,23,0.9433962264150944
KNN,False,True,manhattan,9,"cats off, norm on",0,5,6,24,0.8867924528301887
KNN,False,True,manhattan,9,"cats off, norm on",0,5,6,25,0.9259259259259259
KNN,False,True,manhattan,9,"cats off, norm on",0,5,6,26,0.9056603773584906
KNN,False,True,manhattan,9,"cats off, norm on",0,5,6,27,0.9245283018867925
KNN,False,True,manhattan,9,"cats off, norm on",0,5,6,28,0.9245283018867925
KNN,False,True,manhattan,9,"cats off, norm on",0,5,6,29,0.9433962264150944
KNN,False,True,manhattan,15,"cats off, norm on",0,5,6,0,0.9444444444444444
KNN,False,True,manhattan,15,"cats off, norm on",0,5,6,1,0.9245283018867925
KNN,False,True,manhattan,15,"cats off, norm on",0,5,6,2,0.9056603773584906
KNN,False,True,manhattan,15,"cats off, norm on",0,5,6,3,0.8301886792452831
KNN,False,True,manhattan,15,"cats off, norm on",0,5,6,4,0.8867924528301887
KNN,False,True,manhattan,15,"cats off, norm on",0,5,6,5,0.9259259259259259
KNN,False,True,manhattan,15,"cats off, norm on",0,5,6,6,0.8301886792452831
KNN,False,True,manhattan,15,"cats off, norm on",0,5,6,7,0.8301886792452831
KNN,False,True,manhattan,15,"cats off, norm on",0,5,6,8,0.9811320754716981
KNN,False,True,manhattan,15,"cats off, norm on",0,5,6,9,0.8867924528301887
KNN,False,True,manhattan,15,"cats off, norm on",0,5,6,10,0.8703703703703703
KNN,False,True,manhattan,15,"cats off, norm on",0,5,6,11,0.9056603773584906
KNN,False,True,manhattan,15,"cats off, norm on",0,5,6,12,0.9056603773584906
KNN,False,True,manhattan,15,"cats off, norm on",0,5,6,13,0.8867924528301887
KNN,False,True,manhattan,15,"cats off, norm on",0,5,6,14,0.8867924528301887
KNN,False,True,manhattan,15,"cats off, norm on",0,5,6,15,0.9444444444444444
KNN,False,True,manhattan,15,"cats off, norm on",0,5,6,16,0.8490566037735849
KNN,False,True,manhattan,15,"cats off, norm on",0,5,6,17,0.8867924528301887
KNN,False,True,manhattan,15,"cats off, norm on",0,5,6,18,0.8679245283018868
KNN,False,True,manhattan,15,"cats off, norm on",0,5,6,19,0.8490566037735849
KNN,False,True,manhattan,15,"cats off, norm on",0,5,6,20,0.9074074074074074
KNN,False,True,manhattan,15,"cats off, norm on",0,5,6,21,0.8867924528301887
KNN,False,True,manhattan,15,"cats off, norm on",0,5,6,22,0.9433962264150944
KNN,False,True,manhattan,15,"cats off, norm on",0,5,6,23,0.9056603773584906
KNN,False,True,manhattan,15,"cats off, norm on",0,5,6,24,0.9245283018867925
KNN,False,True,manhattan,15,"cats off, norm on",0,5,6,25,0.9444444444444444
KNN,False,True,manhattan,15,"cats off, norm on",0,5,6,26,0.8679245283018868
KNN,False,True,manhattan,15,"cats off, norm on",0,5,6,27,0.8867924528301887
KNN,False,True,manhattan,15,"cats off, norm on",0,5,6,28,0.9056603773584906
KNN,False,True,manhattan,15,"cats off, norm on",0,5,6,29,0.8679245283018868
KNN,False,True,manhattan,25,"cats off, norm on",0,5,6,0,0.9259259259259259
KNN,False,True,manhattan,25,"cats off, norm on",0,5,6,1,0.9056603773584906
KNN,False,True,manhattan,25,"cats off, norm on",0,5,6,2,0.8867924528301887
KNN,False,True,manhattan,25,"cats off, norm on",0,5,6,3,0.8490566037735849
KNN,False,True,manhattan,25,"cats off, norm on",0,5,6,4,0.9245283018867925
KNN,False,True,manhattan,25,"cats off, norm on",0,5,6,5,0.9444444444444444
KNN,False,True,manhattan,25,"cats off, norm on",0,5,6,6,0.7924528301886793
KNN,False,True,manhattan,25,"cats off, norm on",0,5,6,7,0.8490566037735849
KNN,False,True,manhattan,25,"cats off, norm on",0,5,6,8,0.9811320754716981
KNN,False,True,manhattan,25,"cats off, norm on",0,5,6,9,0.8867924528301887
KNN,False,True,manhattan,25,"cats off, norm on",0,5,6,10,0.8333333333333334
KNN,False,True,manhattan,25,"cats off, norm on",0,5,6,11,0.8867924528301887
KNN,False,True,manhattan,25,"cats off, norm on",0,5,6,12,0.9056603773584906
KNN,False,True,manhattan,25,"cats off, norm on",0,5,6,13,0.9056603773584906
KNN,False,True,manhattan,25,"cats off, norm on",0,5,6,14,0.8867924528301887
KNN,False,True,manhattan,25,"cats off, norm on",0,5,6,15,0.9444444444444444
KNN,False,True,manhattan,25,"cats off, norm on",0,5,6,16,0.8679245283018868
KNN,False,True,manhattan,25,"cats off, norm on",0,5,6,17,0.8490566037735849
KNN,False,True,manhattan,25,"cats off, norm on",0,5,6,18,0.8867924528301887
KNN,False,True,manhattan,25,"cats off, norm on",0,5,6,19,0.8490566037735849
KNN,False,True,manhattan,25,"cats off, norm on",0,5,6,20,0.8703703703703703
KNN,False,True,manhattan,25,"cats off, norm on",0,5,6,21,0.8679245283018868
KNN,False,True,manhattan,25,"cats off, norm on",0,5,6,22,0.9245283018867925
KNN,False,True,manhattan,25,"cats off, norm on",0,5,6,23,0.8867924528301887
KNN,False,True,manhattan,25,"cats off, norm on",0,5,6,24,0.9245283018867925
KNN,False,True,manhattan,25,"cats off, norm on",0,5,6,25,0.9259259259259259
KNN,False,True,manhattan,25,"cats off, norm on",0,5,6,26,0.8301886792452831
KNN,False,True,manhattan,25,"cats off, norm on",0,5,6,27,0.8679245283018868
KNN,False,True,manhattan,25,"cats off, norm on",0,5,6,28,0.9056603773584906
KNN,False,True,manhattan,25,"cats off, norm on",0,5,6,29,0.9245283018867925
KNN,False,True,manhattan,45,"cats off, norm on",0,5,6,0,0.9259259259259259
KNN,False,True,manhattan,45,"cats off, norm on",0,5,6,1,0.9056603773584906
KNN,False,True,manhattan,45,"cats off, norm on",0,5,6,2,0.8490566037735849
KNN,False,True,manhattan,45,"cats off, norm on",0,5,6,3,0.7924528301886793
KNN,False,True,manhattan,45,"cats off, norm on",0,5,6,4,0.9245283018867925
KNN,False,True,manhattan,45,"cats off, norm on",0,5,6,5,0.9444444444444444
KNN,False,True,manhattan,45,"cats off, norm on",0,5,6,6,0.7735849056603774
KNN,False,True,manhattan,45,"cats off, norm on",0,5,6,7,0.8679245283018868
KNN,False,True,manhattan,45,"cats off, norm on",0,5,6,8,1.0
KNN,False,True,manhattan,45,"cats off, norm on",0,5,6,9,0.8301886792452831
KNN,False,True,manhattan,45,"cats off, norm on",0,5,6,10,0.8333333333333334
KNN,False,True,manhattan,45,"cats off, norm on",0,5,6,11,0.8490566037735849
KNN,False,True,manhattan,45,"cats off, norm on",0,5,6,12,0.8867924528301887
KNN,False,True,manhattan,45,"cats off, norm on",0,5,6,13,0.9056603773584906
KNN,False,True,manhattan,45,"cats off, norm on",0,5,6,14,0.8679245283018868
KNN,False,True,manhattan,45,"cats off, norm on",0,5,6,15,0.9444444444444444
KNN,False,True,manhattan,45,"cats off, norm on",0,5,6,16,0.9056603773584906
KNN,False,True,manhattan,45,"cats off, norm on",0,5,6,17,0.8679245283018868
KNN,False,True,manhattan,45,"cats off, norm on",0,5,6,18,0.8301886792452831
KNN,False,True,manhattan,45,"cats off, norm on",0,5,6,19,0.8490566037735849
KNN,False,True,manhattan,45,"cats off, norm on",0,5,6,20,0.8518518518518519
KNN,False,True,manhattan,45,"cats off, norm on",0,5,6,21,0.8490566037735849
KNN,False,True,manhattan,45,"cats off, norm on",0,5,6,22,0.8867924528301887
KNN,False,True,manhattan,45,"cats off, norm on",0,5,6,23,0.8867924528301887
KNN,False,True,manhattan,45,"cats off, norm on",0,5,6,24,0.9056603773584906
KNN,False,True,manhattan,45,"cats off, norm on",0,5,6,25,0.8888888888888888
KNN,False,True,manhattan,45,"cats off, norm on",0,5,6,26,0.8679245283018868
KNN,False,True,manhattan,45,"cats off, norm on",0,5,6,27,0.8867924528301887
KNN,False,True,manhattan,45,"cats off, norm on",0,5,6,28,0.8867924528301887
KNN,False,True,manhattan,45,"cats off, norm on",0,5,6,29,0.8867924528301887
KNN,True,False,chebyshev,1,"cats on, norm off",0,5,6,0,0.7592592592592593
KNN,True,False,chebyshev,1,"cats on, norm off",0,5,6,1,0.6981132075471698
KNN,True,False,chebyshev,1,"cats on, norm off",0,5,6,2,0.660377358490566
KNN,True,False,chebyshev,1,"cats on, norm off",0,5,6,3,0.7169811320754716
KNN,True,False,chebyshev,1,"cats on, norm off",0,5,6,4,0.7358490566037735
KNN,True,False,chebyshev,1,"cats on, norm off",0,5,6,5,0.7037037037037037
KNN,True,False,chebyshev,1,"cats on, norm off",0,5,6,6,0.8301886792452831
KNN,True,False,chebyshev,1,"cats on, norm off",0,5,6,7,0.7358490566037735
KNN,True,False,chebyshev,1,"cats on, norm off",0,5,6,8,0.8301886792452831
KNN,True,False,chebyshev,1,"cats on, norm off",0,5,6,9,0.7547169811320755
KNN,True,False,chebyshev,1,"cats on, norm off",0,5,6,10,0.7777777777777778
KNN,True,False,chebyshev,1,"cats on, norm off",0,5,6,11,0.7169811320754716
KNN,True,False,chebyshev,1,"cats on, norm off",0,5,6,12,0.6226415094339622
KNN,True,False,chebyshev,1,"cats on, norm off",0,5,6,13,0.7735849056603774
KNN,True,False,chebyshev,1,"cats on, norm off",0,5,6,14,0.6792452830188679
KNN,True,False,chebyshev,1,"cats on, norm off",0,5,6,15,0.6666666666666666
KNN,True,False,chebyshev,1,"cats on, norm off",0,5,6,16,0.6981132075471698
KNN,True,False,chebyshev,1,"cats on, norm off",0,5,6,17,0.7924528301886793
KNN,True,False,chebyshev,1,"cats on, norm off",0,5,6,18,0.7547169811320755
KNN,True,False,chebyshev,1,"cats on, norm off",0,5,6,19,0.7169811320754716
KNN,True,False,chebyshev,1,"cats on, norm off",0,5,6,20,0.7222222222222222
KNN,True,False,chebyshev,1,"cats on, norm off",0,5,6,21,0.6981132075471698
KNN,True,False,chebyshev,1,"cats on, norm off",0,5,6,22,0.7358490566037735
KNN,True,False,chebyshev,1,"cats on, norm off",0,5,6,23,0.7358490566037735
KNN,True,False,chebyshev,1,"cats on, norm off",0,5,6,24,0.6792452830188679
KNN,True,False,chebyshev,1,"cats on, norm off",0,5,6,25,0.6851851851851852
KNN,True,False,chebyshev,1,"cats on, norm off",0,5,6,26,0.7169811320754716
KNN,True,False,chebyshev,1,"cats on, norm off",0,5,6,27,0.660377358490566
KNN,True,False,chebyshev,1,"cats on, norm off",0,5,6,28,0.7358490566037735
KNN,True,False,chebyshev,1,"cats on, norm off",0,5,6,29,0.6792452830188679
KNN,True,False,chebyshev,3,"cats on, norm off",0,5,6,0,0.7592592592592593
KNN,True,False,chebyshev,3,"cats on, norm off",0,5,6,1,0.7358490566037735
KNN,True,False,chebyshev,3,"cats on, norm off",0,5,6,2,0.660377358490566
KNN,True,False,chebyshev,3,"cats on, norm off",0,5,6,3,0.7547169811320755
KNN,True,False,chebyshev,3,"cats on, norm off",0,5,6,4,0.6415094339622641
KNN,True,False,chebyshev,3,"cats on, norm off",0,5,6,5,0.7222222222222222
KNN,True,False,chebyshev,3,"cats on, norm off",0,5,6,6,0.7924528301886793
KNN,True,False,chebyshev,3,"cats on, norm off",0,5,6,7,0.7169811320754716
KNN,True,False,chebyshev,3,"cats on, norm off",0,5,6,8,0.7358490566037735
KNN,True,False,chebyshev,3,"cats on, norm off",0,5,6,9,0.7547169811320755
KNN,True,False,chebyshev,3,"cats on, norm off",0,5,6,10,0.7962962962962963
KNN,True,False,chebyshev,3,"cats on, norm off",0,5,6,11,0.6792452830188679
KNN,True,False,chebyshev,3,"cats on, norm off",0,5,6,12,0.6981132075471698
KNN,True,False,chebyshev,3,"cats on, norm off",0,5,6,13,0.660377358490566
KNN,True,False,chebyshev,3,"cats on, norm off",0,5,6,14,0.6792452830188679
KNN,True,False,chebyshev,3,"cats on, norm off",0,5,6,15,0.7222222222222222
KNN,True,False,chebyshev,3,"cats on, norm off",0,5,6,16,0.660377358490566
KNN,True,False,chebyshev,3,"cats on, norm off",0,5,6,17,0.7547169811320755
KNN,True,False,chebyshev,3,"cats on, norm off",0,5,6,18,0.7924528301886793
KNN,True,False,chebyshev,3,"cats on, norm off",0,5,6,19,0.6792452830188679
KNN,True,False,chebyshev,3,"cats on, norm off",0,5,6,20,0.6851851851851852
KNN,True,False,chebyshev,3,"cats on, norm off",0,5,6,21,0.6037735849056604
KNN,True,False,chebyshev,3,"cats on, norm off",0,5,6,22,0.7735849056603774
KNN,True,False,chebyshev,3,"cats on, norm off",0,5,6,23,0.6981132075471698
KNN,True,False,chebyshev,3,"cats on, norm off",0,5,6,24,0.7169811320754716
KNN,True,False,chebyshev,3,"cats on, norm off",0,5,6,25,0.6666666666666666
KNN,True,False,chebyshev,3,"cats on, norm off",0,5,6,26,0.660377358490566
KNN,True,False,chebyshev,3,"cats on, norm off",0,5,6,27,0.660377358490566
KNN,True,False,chebyshev,3,"cats on, norm off",0,5,6,28,0.7169811320754716
KNN,True,False,chebyshev,3,"cats on, norm off",0,5,6,29,0.6792452830188679
KNN,True,False,chebyshev,5,"cats on, norm off",0,5,6,0,0.7592592592592593
KNN,True,False,chebyshev,5,"cats on, norm off",0,5,6,1,0.6415094339622641
KNN,True,False,chebyshev,5,"cats on, norm off",0,5,6,2,0.6415094339622641
KNN,True,False,chebyshev,5,"cats on, norm off",0,5,6,3,0.7547169811320755
KNN,True,False,chebyshev,5,"cats on, norm off",0,5,6,4,0.7169811320754716
KNN,True,False,chebyshev,5,"cats on, norm off",0,5,6,5,0.7592592592592593
KNN,True,False,chebyshev,5,"cats on, norm off",0,5,6,6,0.7547169811320755
KNN,True,False,chebyshev,5,"cats on, norm off",0,5,6,7,0.7358490566037735
KNN,True,False,chebyshev,5,"cats on, norm off",0,5,6,8,0.7735849056603774
KNN,True,False,chebyshev,5,"cats on, norm off",0,5,6,9,0.7169811320754716
KNN,True,False,chebyshev,5,"cats on, norm off",0,5,6,10,0.8148148148148148
KNN,True,False,chebyshev,5,"cats on, norm off",0,5,6,11,0.6792452830188679
KNN,True,False,chebyshev,5,"cats on, norm off",0,5,6,12,0.7735849056603774
KNN,True,False,chebyshev,5,"cats on, norm off",0,5,6,13,0.7169811320754716
KNN,True,False,chebyshev,5,"cats on, norm off",0,5,6,14,0.660377358490566
KNN,True,False,chebyshev,5,"cats on, norm off",0,5,6,15,0.7037037037037037
KNN,True,False,chebyshev,5,"cats on, norm off",0,5,6,16,0.6792452830188679
KNN,True,False,chebyshev,5,"cats on, norm off",0,5,6,17,0.7547169811320755
KNN,True,False,chebyshev,5,"cats on, norm off",0,5,6,18,0.7924528301886793
KNN,True,False,chebyshev,5,"cats on, norm off",0,5,6,19,0.6792452830188679
KNN,True,False,chebyshev,5,"cats on, norm off",0,5,6,20,0.6666666666666666
KNN,True,False,chebyshev,5,"cats on, norm off",0,5,6,21,0.6792452830188679
KNN,True,False,chebyshev,5,"cats on, norm off",0,5,6,22,0.7735849056603774
KNN,True,False,chebyshev,5,"cats on, norm off",0,5,6,23,0.7169811320754716
KNN,True,False,chebyshev,5,"cats on, norm off",0,5,6,24,0.7169811320754716
KNN,True,False,chebyshev,5,"cats on, norm off",0,5,6,25,0.6851851851851852
KNN,True,False,chebyshev,5,"cats on, norm off",0,5,6,26,0.7547169811320755
KNN,True,False,chebyshev,5,"cats on, norm off",0,5,6,27,0.6415094339622641
KNN,True,False,chebyshev,5,"cats on, norm off",0,5,6,28,0.7358490566037735
KNN,True,False,chebyshev,5,"cats on, norm off",0,5,6,29,0.7358490566037735
KNN,True,False,chebyshev,9,"cats on, norm off",0,5,6,0,0.7222222222222222
KNN,True,False,chebyshev,9,"cats on, norm off",0,5,6,1,0.7169811320754716
KNN,True,False,chebyshev,9,"cats on, norm off",0,5,6,2,0.7547169811320755
KNN,True,False,chebyshev,9,"cats on, norm off",0,5,6,3,0.8113207547169812
KNN,True,False,chebyshev,9,"cats on, norm off",0,5,6,4,0.6981132075471698
KNN,True,False,chebyshev,9,"cats on, norm off",0,5,6,5,0.7037037037037037
KNN,True,False,chebyshev,9,"cats on, norm off",0,5,6,6,0.7735849056603774
KNN,True,False,chebyshev,9,"cats on, norm off",0,5,6,7,0.7358490566037735
KNN,True,False,chebyshev,9,"cats on, norm off",0,5,6,8,0.7547169811320755
KNN,True,False,chebyshev,9,"cats on, norm off",0,5,6,9,0.7735849056603774
KNN,True,False,chebyshev,9,"cats on, norm off",0,5,6,10,0.8333333333333334
KNN,True,False,chebyshev,9,"cats on, norm off",0,5,6,11,0.6792452830188679
KNN,True,False,chebyshev,9,"cats on, norm off",0,5,6,12,0.7547169811320755
KNN,True,False,chebyshev,9,"cats on, norm off",0,5,6,13,0.7735849056603774
KNN,True,False,chebyshev,9,"cats on, norm off",0,5,6,14,0.6981132075471698
KNN,True,False,chebyshev,9,"cats on, norm off",0,5,6,15,0.7407407407407407
KNN,True,False,chebyshev,9,"cats on, norm off",0,5,6,16,0.6792452830188679
KNN,True,False,chebyshev,9,"cats on, norm off",0,5,6,17,0.7169811320754716
KNN,True,False,chebyshev,9,"cats on, norm off",0,5,6,18,0.7924528301886793
KNN,True,False,chebyshev,9,"cats on, norm off",0,5,6,19,0.660377358490566
KNN,True,False,chebyshev,9,"cats on, norm off",0,5,6,20,0.7777777777777778
KNN,True,False,chebyshev,9,"cats on, norm off",0,5,6,21,0.6981132075471698
KNN,True,False,chebyshev,9,"cats on, norm off",0,5,6,22,0.7924528301886793
KNN,True,False,chebyshev,9,"cats on, norm off",0,5,6,23,0.7547169811320755
KNN,True,False,chebyshev,9,"cats on, norm off",0,5,6,24,0.8301886792452831
KNN,True,False,chebyshev,9,"cats on, norm off",0,5,6,25,0.6851851851851852
KNN,True,False,chebyshev,9,"cats on, norm off",0,5,6,26,0.8113207547169812
KNN,True,False,chebyshev,9,"cats on, norm off",0,5,6,27,0.6415094339622641
KNN,True,False,chebyshev,9,"cats on, norm off",0,5,6,28,0.7358490566037735
KNN,True,False,chebyshev,9,"cats on, norm off",0,5,6,29,0.7547169811320755
KNN,True,False,chebyshev,15,"cats on, norm off",0,5,6,0,0.7407407407407407
KNN,True,False,chebyshev,15,"cats on, norm off",0,5,6,1,0.7547169811320755
KNN,True,False,chebyshev,15,"cats on, norm off",0,5,6,2,0.6792452830188679
KNN,True,False,chebyshev,15,"cats on, norm off",0,5,6,3,0.8113207547169812
KNN,True,False,chebyshev,15,"cats on, norm off",0,5,6,4,0.6792452830188679
KNN,True,False,chebyshev,15,"cats on, norm off",0,5,6,5,0.7777777777777778
KNN,True,False,chebyshev,15,"cats on, norm off",0,5,6,6,0.6981132075471698
KNN,True,False,chebyshev,15,"cats on, norm off",0,5,6,7,0.7358490566037735
KNN,True,False,chebyshev,15,"cats on, norm off",0,5,6,8,0.7735849056603774
KNN,True,False,chebyshev,15,"cats on, norm off",0,5,6,9,0.6981132075471698
KNN,True,False,chebyshev,15,"cats on, norm off",0,5,6,10,0.7777777777777778
KNN,True,False,chebyshev,15,"cats on, norm off",0,5,6,11,0.7547169811320755
KNN,True,False,chebyshev,15,"cats on, norm off",0,5,6,12,0.7735849056603774
KNN,True,False,chebyshev,15,"cats on, norm off",0,5,6,13,0.7547169811320755
KNN,True,False,chebyshev,15,"cats on, norm off",0,5,6,14,0.6981132075471698
KNN,True,False,chebyshev,15,"cats on, norm off",0,5,6,15,0.7407407407407407
KNN,True,False,chebyshev,15,"cats on, norm off",0,5,6,16,0.6792452830188679
KNN,True,False,chebyshev,15,"cats on, norm off",0,5,6,17,0.6981132075471698
KNN,True,False,chebyshev,15,"cats on, norm off",0,5,6,18,0.7547169811320755
KNN,True,False,chebyshev,15,"cats on, norm off",0,5,6,19,0.7735849056603774
KNN,True,False,chebyshev,15,"cats on, norm off",0,5,6,20,0.7592592592592593
KNN,True,False,chebyshev,15,"cats on, norm off",0,5,6,21,0.6981132075471698
KNN,True,False,chebyshev,15,"cats on, norm off",0,5,6,22,0.7924528301886793
KNN,True,False,chebyshev,15,"cats on, norm off",0,5,6,23,0.7358490566037735
KNN,True,False,chebyshev,15,"cats on, norm off",0,5,6,24,0.7735849056603774
KNN,True,False,chebyshev,15,"cats on, norm off",0,5,6,25,0.6851851851851852
KNN,True,False,chebyshev,15,"cats on, norm off",0,5,6,26,0.8490566037735849
KNN,True,False,chebyshev,15,"cats on, norm off",0,5,6,27,0.6415094339622641
KNN,True,False,chebyshev,15,"cats on, norm off",0,5,6,28,0.7547169811320755
KNN,True,False,chebyshev,15,"cats on, norm off",0,5,6,29,0.6981132075471698
KNN,True,False,chebyshev,25,"cats on, norm off",0,5,6,0,0.7222222222222222
KNN,True,False,chebyshev,25,"cats on, norm off",0,5,6,1,0.7547169811320755
KNN,True,False,chebyshev,25,"cats on, norm off",0,5,6,2,0.660377358490566
KNN,True,False,chebyshev,25,"cats on, norm off",0,5,6,3,0.8113207547169812
KNN,True,False,chebyshev,25,"cats on, norm off",0,5,6,4,0.6981132075471698
KNN,True,False,chebyshev,25,"cats on, norm off",0,5,6,5,0.7592592592592593
KNN,True,False,chebyshev,25,"cats on, norm off",0,5,6,6,0.6981132075471698
KNN,True,False,chebyshev,25,"cats on, norm off",0,5,6,7,0.7358490566037735
KNN,True,False,chebyshev,25,"cats on, norm off",0,5,6,8,0.8490566037735849
KNN,True,False,chebyshev,25,"cats on, norm off",0,5,6,9,0.6981132075471698
KNN,True,False,chebyshev,25,"cats on, norm off",0,5,6,10,0.7962962962962963
KNN,True,False,chebyshev,25,"cats on, norm off",0,5,6,11,0.6792452830188679
KNN,True,False,chebyshev,25,"cats on, norm off",0,5,6,12,0.7547169811320755
KNN,True,False,chebyshev,25,"cats on, norm off",0,5,6,13,0.7924528301886793
KNN,True,False,chebyshev,25,"cats on, norm off",0,5,6,14,0.6981132075471698
KNN,True,False,chebyshev,25,"cats on, norm off",0,5,6,15,0.7407407407407407
KNN,True,False,chebyshev,25,"cats on, norm off",0,5,6,16,0.6981132075471698
KNN,True,False,chebyshev,25,"cats on, norm off",0,5,6,17,0.7358490566037735
KNN,True,False,chebyshev,25,"cats on, norm off",0,5,6,18,0.7735849056603774
KNN,True,False,chebyshev,25,"cats on, norm off",0,5,6,19,0.7735849056603774
KNN,True,False,chebyshev,25,"cats on, norm off",0,5,6,20,0.7592592592592593
KNN,True,False,chebyshev,25,"cats on, norm off",0,5,6,21,0.7169811320754716
KNN,True,False,chebyshev,25,"cats on, norm off",0,5,6,22,0.7735849056603774
KNN,True,False,chebyshev,25,"cats on, norm off",0,5,6,23,0.7547169811320755
KNN,True,False,chebyshev,25,"cats on, norm off",0,5,6,24,0.7735849056603774
KNN,True,False,chebyshev,25,"cats on, norm off",0,5,6,25,0.7037037037037037
KNN,True,False,chebyshev,25,"cats on, norm off",0,5,6,26,0.8301886792452831
KNN,True,False,chebyshev,25,"cats on, norm off",0,5,6,27,0.660377358490566
KNN,True,False,chebyshev,25,"cats on, norm off",0,5,6,28,0.7547169811320755
KNN,True,False,chebyshev,25,"cats on, norm off",0,5,6,29,0.7735849056603774
KNN,True,False,chebyshev,45,"cats on, norm off",0,5,6,0,0.7407407407407407
KNN,True,False,chebyshev,45,"cats on, norm off",0,5,6,1,0.7735849056603774
KNN,True,False,chebyshev,45,"cats on, norm off",0,5,6,2,0.6792452830188679
KNN,True,False,chebyshev,45,"cats on, norm off",0,5,6,3,0.7924528301886793
KNN,True,False,chebyshev,45,"cats on, norm off",0,5,6,4,0.6981132075471698
KNN,True,False,chebyshev,45,"cats on, norm off",0,5,6,5,0.7962962962962963
KNN,True,False,chebyshev,45,"cats on, norm off",0,5,6,6,0.7547169811320755
KNN,True,False,chebyshev,45,"cats on, norm off",0,5,6,7,0.7169811320754716
KNN,True,False,chebyshev,45,"cats on, norm off",0,5,6,8,0.8113207547169812
KNN,True,False,chebyshev,45,"cats on, norm off",0,5,6,9,0.7169811320754716
KNN,True,False,chebyshev,45,"cats on, norm off",0,5,6,10,0.8333333333333334
KNN,True,False,chebyshev,45,"cats on, norm off",0,5,6,11,0.7169811320754716
KNN,True,False,chebyshev,45,"cats on, norm off",0,5,6,12,0.7735849056603774
KNN,True,False,chebyshev,45,"cats on, norm off",0,5,6,13,0.7924528301886793
KNN,True,False,chebyshev,45,"cats on, norm off",0,5,6,14,0.6792452830188679
KNN,True,False,chebyshev,45,"cats on, norm off",0,5,6,15,0.7407407407407407
KNN,True,False,chebyshev,45,"cats on, norm off",0,5,6,16,0.7547169811320755
KNN,True,False,chebyshev,45,"cats on, norm off",0,5,6,17,0.7358490566037735
KNN,True,False,chebyshev,45,"cats on, norm off",0,5,6,18,0.8113207547169812
KNN,True,False,chebyshev,45,"cats on, norm off",0,5,6,19,0.7924528301886793
KNN,True,False,chebyshev,45,"cats on, norm off",0,5,6,20,0.7962962962962963
KNN,True,False,chebyshev,45,"cats on, norm off",0,5,6,21,0.6981132075471698
KNN,True,False,chebyshev,45,"cats on, norm off",0,5,6,22,0.8301886792452831
KNN,True,False,chebyshev,45,"cats on, norm off",0,5,6,23,0.7358490566037735
KNN,True,False,chebyshev,45,"cats on, norm off",0,5,6,24,0.7735849056603774
KNN,True,False,chebyshev,45,"cats on, norm off",0,5,6,25,0.6851851851851852
KNN,True,False,chebyshev,45,"cats on, norm off",0,5,6,26,0.8490566037735849
KNN,True,False,chebyshev,45,"cats on, norm off",0,5,6,27,0.660377358490566
KNN,True,False,chebyshev,45,"cats on, norm off",0,5,6,28,0.7169811320754716
KNN,True,False,chebyshev,45,"cats on, norm off",0,5,6,29,0.8113207547169812
KNN,True,False,euclidean,1,"cats on, norm off",0,5,6,0,0.7592592592592593
KNN,True,False,euclidean,1,"cats on, norm off",0,5,6,1,0.7358490566037735
KNN,True,False,euclidean,1,"cats on, norm off",0,5,6,2,0.6981132075471698
KNN,True,False,euclidean,1,"cats on, norm off",0,5,6,3,0.7169811320754716
KNN,True,False,euclidean,1,"cats on, norm off",0,5,6,4,0.7358490566037735
KNN,True,False,euclidean,1,"cats on, norm off",0,5,6,5,0.7407407407407407
KNN,True,False,euclidean,1,"cats on, norm off",0,5,6,6,0.7547169811320755
KNN,True,False,euclidean,1,"cats on, norm off",0,5,6,7,0.7358490566037735
KNN,True,False,euclidean,1,"cats on, norm off",0,5,6,8,0.8113207547169812
KNN,True,False,euclidean,1,"cats on, norm off",0,5,6,9,0.7735849056603774
KNN,True,False,euclidean,1,"cats on, norm off",0,5,6,10,0.7592592592592593
KNN,True,False,euclidean,1,"cats on, norm off",0,5,6,11,0.7169811320754716
KNN,True,False,euclidean,1,"cats on, norm off",0,5,6,12,0.6226415094339622
KNN,True,False,euclidean,1,"cats on, norm off",0,5,6,13,0.7735849056603774
KNN,True,False,euclidean,1,"cats on, norm off",0,5,6,14,0.6415094339622641
KNN,True,False,euclidean,1,"cats on, norm off",0,5,6,15,0.7037037037037037
KNN,True,False,euclidean,1,"cats on, norm off",0,5,6,16,0.6981132075471698
KNN,True,False,euclidean,1,"cats on, norm off",0,5,6,17,0.7547169811320755
KNN,True,False,euclidean,1,"cats on, norm off",0,5,6,18,0.8113207547169812
KNN,True,False,euclidean,1,"cats on, norm off",0,5,6,19,0.7547169811320755
KNN,True,False,euclidean,1,"cats on, norm off",0,5,6,20,0.7037037037037037
KNN,True,False,euclidean,1,"cats on, norm off",0,5,6,21,0.7169811320754716
KNN,True,False,euclidean,1,"cats on, norm off",0,5,6,22,0.7358490566037735
KNN,True,False,euclidean,1,"cats on, norm off",0,5,6,23,0.7547169811320755
KNN,True,False,euclidean,1,"cats on, norm off",0,5,6,24,0.7169811320754716
KNN,True,False,euclidean,1,"cats on, norm off",0,5,6,25,0.7037037037037037
KNN,True,False,euclidean,1,"cats on, norm off",0,5,6,26,0.7169811320754716
KNN,True,False,euclidean,1,"cats on, norm off",0,5,6,27,0.6792452830188679
KNN,True,False,euclidean,1,"cats on, norm off",0,5,6,28,0.7547169811320755
KNN,True,False,euclidean,1,"cats on, norm off",0,5,6,29,0.7169811320754716
KNN,True,False,euclidean,3,"cats on, norm off",0,5,6,0,0.7222222222222222
KNN,True,False,euclidean,3,"cats on, norm off",0,5,6,1,0.7358490566037735
KNN,True,False,euclidean,3,"cats on, norm off",0,5,6,2,0.660377358490566
KNN,True,False,euclidean,3,"cats on, norm off",0,5,6,3,0.8113207547169812
KNN,True,False,euclidean,3,"cats on, norm off",0,5,6,4,0.7735849056603774
KNN,True,False,euclidean,3,"cats on, norm off",0,5,6,5,0.7222222222222222
KNN,True,False,euclidean,3,"cats on, norm off",0,5,6,6,0.7924528301886793
KNN,True,False,euclidean,3,"cats on, norm off",0,5,6,7,0.7547169811320755
KNN,True,False,euclidean,3,"cats on, norm off",0,5,6,8,0.7169811320754716
KNN,True,False,euclidean,3,"cats on, norm off",0,5,6,9,0.7735849056603774
KNN,True,False,euclidean,3,"cats on, norm off",0,5,6,10,0.8148148148148148
KNN,True,False,euclidean,3,"cats on, norm off",0,5,6,11,0.6981132075471698
KNN,True,False,euclidean,3,"cats on, norm off",0,5,6,12,0.6981132075471698
KNN,True,False,euclidean,3,"cats on, norm off",0,5,6,13,0.7547169811320755
KNN,True,False,euclidean,3,"cats on, norm off",0,5,6,14,0.6981132075471698
KNN,True,False,euclidean,3,"cats on, norm off",0,5,6,15,0.7592592592592593
KNN,True,False,euclidean,3,"cats on, norm off",0,5,6,16,0.6415094339622641
KNN,True,False,euclidean,3,"cats on, norm off",0,5,6,17,0.7547169811320755
KNN,True,False,euclidean,3,"cats on, norm off",0,5,6,18,0.7924528301886793
KNN,True,False,euclidean,3,"cats on, norm off",0,5,6,19,0.7169811320754716
KNN,True,False,euclidean,3,"cats on, norm off",0,5,6,20,0.7962962962962963
KNN,True,False,euclidean,3,"cats on, norm off",0,5,6,21,0.6981132075471698
KNN,True,False,euclidean,3,"cats on, norm off",0,5,6,22,0.8301886792452831
KNN,True,False,euclidean,3,"cats on, norm off",0,5,6,23,0.7358490566037735
KNN,True,False,euclidean,3,"cats on, norm off",0,5,6,24,0.7735849056603774
KNN,True,False,euclidean,3,"cats on, norm off",0,5,6,25,0.5925925925925926
KNN,True,False,euclidean,3,"cats on, norm off",0,5,6,26,0.7924528301886793
KNN,True,False,euclidean,3,"cats on, norm off",0,5,6,27,0.6415094339622641
KNN,True,False,euclidean,3,"cats on, norm off",0,5,6,28,0.7735849056603774
KNN,True,False,euclidean,3,"cats on, norm off",0,5,6,29,0.6981132075471698
KNN,True,False,euclidean,5,"cats on, norm off",0,5,6,0,0.8148148148148148
KNN,True,False,euclidean,5,"cats on, norm off",0,5,6,1,0.6981132075471698
KNN,True,False,euclidean,5,"cats on, norm off",0,5,6,2,0.6981132075471698
KNN,True,False,euclidean,5,"cats on, norm off",0,5,6,3,0.7547169811320755
KNN,True,False,euclidean,5,"cats on, norm off",0,5,6,4,0.7547169811320755
KNN,True,False,euclidean,5,"cats on, norm off",0,5,6,5,0.8148148148148148
KNN,True,False,euclidean,5,"cats on, norm off",0,5,6,6,0.7735849056603774
KNN,True,False,euclidean,5,"cats on, norm off",0,5,6,7,0.7358490566037735
KNN,True,False,euclidean,5,"cats on, norm off",0,5,6,8,0.7735849056603774
KNN,True,False,euclidean,5,"cats on, norm off",0,5,6,9,0.7547169811320755
KNN,True,False,euclidean,5,"cats on, norm off",0,5,6,10,0.8518518518518519
KNN,True,False,euclidean,5,"cats on, norm off",0,5,6,11,0.6981132075471698
KNN,True,False,euclidean,5,"cats on, norm off",0,5,6,12,0.7735849056603774
KNN,True,False,euclidean,5,"cats on, norm off",0,5,6,13,0.7924528301886793
KNN,True,False,euclidean,5,"cats on, norm off",0,5,6,14,0.7169811320754716
KNN,True,False,euclidean,5,"cats on, norm off",0,5,6,15,0.7592592592592593
KNN,True,False,euclidean,5,"cats on, norm off",0,5,6,16,0.6981132075471698
KNN,True,False,euclidean,5,"cats on, norm off",0,5,6,17,0.7735849056603774
KNN,True,False,euclidean,5,"cats on, norm off",0,5,6,18,0.8301886792452831
KNN,True,False,euclidean,5,"cats on, norm off",0,5,6,19,0.7547169811320755
KNN,True,False,euclidean,5,"cats on, norm off",0,5,6,20,0.7222222222222222
KNN,True,False,euclidean,5,"cats on, norm off",0,5,6,21,0.7735849056603774
KNN,True,False,euclidean,5,"cats on, norm off",0,5,6,22,0.7924528301886793
KNN,True,False,euclidean,5,"cats on, norm off",0,5,6,23,0.7547169811320755
KNN,True,False,euclidean,5,"cats on, norm off",0,5,6,24,0.7924528301886793
KNN,True,False,euclidean,5,"cats on, norm off",0,5,6,25,0.7222222222222222
KNN,True,False,euclidean,5,"cats on, norm off",0,5,6,26,0.8113207547169812
KNN,True,False,euclidean,5,"cats on, norm off",0,5,6,27,0.6792452830188679
KNN,True,False,euclidean,5,"cats on, norm off",0,5,6,28,0.7735849056603774
KNN,True,False,euclidean,5,"cats on, norm off",0,5,6,29,0.7358490566037735
KNN,True,False,euclidean,9,"cats on, norm off",0,5,6,0,0.7592592592592593
KNN,True,False,euclidean,9,"cats on, norm off",0,5,6,1,0.7358490566037735
KNN,True,False,euclidean,9,"cats on, norm off",0,5,6,2,0.7547169811320755
KNN,True,False,euclidean,9,"cats on, norm off",0,5,6,3,0.8490566037735849
KNN,True,False,euclidean,9,"cats on, norm off",0,5,6,4,0.7169811320754716
KNN,True,False,euclidean,9,"cats on, norm off",0,5,6,5,0.7407407407407407
KNN,True,False,euclidean,9,"cats on, norm off",0,5,6,6,0.7358490566037735
KNN,True,False,euclidean,9,"cats on, norm off",0,5,6,7,0.7547169811320755
KNN,True,False,euclidean,9,"cats on, norm off",0,5,6,8,0.8113207547169812
KNN,True,False,euclidean,9,"cats on, norm off",0,5,6,9,0.7735849056603774
KNN,True,False,euclidean,9,"cats on, norm off",0,5,6,10,0.8518518518518519
KNN,True,False,euclidean,9,"cats on, norm off",0,5,6,11,0.6981132075471698
KNN,True,False,euclidean,9,"cats on, norm off",0,5,6,12,0.7358490566037735
KNN,True,False,euclidean,9,"cats on, norm off",0,5,6,13,0.7547169811320755
KNN,True,False,euclidean,9,"cats on, norm off",0,5,6,14,0.7169811320754716
KNN,True,False,euclidean,9,"cats on, norm off",0,5,6,15,0.7407407407407407
KNN,True,False,euclidean,9,"cats on, norm off",0,5,6,16,0.7169811320754716
KNN,True,False,euclidean,9,"cats on, norm off",0,5,6,17,0.7169811320754716
KNN,True,False,euclidean,9,"cats on, norm off",0,5,6,18,0.7735849056603774
KNN,True,False,euclidean,9,"cats on, norm off",0,5,6,19,0.7358490566037735
KNN,True,False,euclidean,9,"cats on, norm off",0,5,6,20,0.7592592592592593
KNN,True,False,euclidean,9,"cats on, norm off",0,5,6,21,0.7547169811320755
KNN,True,False,euclidean,9,"cats on, norm off",0,5,6,22,0.7924528301886793
KNN,True,False,euclidean,9,"cats on, norm off",0,5,6,23,0.7358490566037735
KNN,True,False,euclidean,9,"cats on, norm off",0,5,6,24,0.7924528301886793
KNN,True,False,euclidean,9,"cats on, norm off",0,5,6,25,0.7037037037037037
KNN,True,False,euclidean,9,"cats on, norm off",0,5,6,26,0.7924528301886793
KNN,True,False,euclidean,9,"cats on, norm off",0,5,6,27,0.660377358490566
KNN,True,False,euclidean,9,"cats on, norm off",0,5,6,28,0.7169811320754716
KNN,True,False,euclidean,9,"cats on, norm off",0,5,6,29,0.7358490566037735
KNN,True,False,euclidean,15,"cats on, norm off",0,5,6,0,0.7592592592592593
KNN,True,False,euclidean,15,"cats on, norm off",0,5,6,1,0.7547169811320755
KNN,True,False,euclidean,15,"cats on, norm off",0,5,6,2,0.6981132075471698
KNN,True,False,euclidean,15,"cats on, norm off",0,5,6,3,0.8301886792452831
KNN,True,False,euclidean,15,"cats on, norm off",0,5,6,4,0.6981132075471698
KNN,True,False,euclidean,15,"cats on, norm off",0,5,6,5,0.7962962962962963
KNN,True,False,euclidean,15,"cats on, norm off",0,5,6,6,0.7924528301886793
KNN,True,False,euclidean,15,"cats on, norm off",0,5,6,7,0.7547169811320755
KNN,True,False,euclidean,15,"cats on, norm off",0,5,6,8,0.7924528301886793
KNN,True,False,euclidean,15,"cats on, norm off",0,5,6,9,0.7169811320754716
KNN,True,False,euclidean,15,"cats on, norm off",0,5,6,10,0.8518518518518519
KNN,True,False,euclidean,15,"cats on, norm off",0,5,6,11,0.7169811320754716
KNN,True,False,euclidean,15,"cats on, norm off",0,5,6,12,0.7169811320754716
KNN,True,False,euclidean,15,"cats on, norm off",0,5,6,13,0.7924528301886793
KNN,True,False,euclidean,15,"cats on, norm off",0,5,6,14,0.6981132075471698
KNN,True,False,euclidean,15,"cats on, norm off",0,5,6,15,0.7407407407407407
KNN,True,False,euclidean,15,"cats on, norm off",0,5,6,16,0.6792452830188679
KNN,True,False,euclidean,15,"cats on, norm off",0,5,6,17,0.7358490566037735
KNN,True,False,euclidean,15,"cats on, norm off",0,5,6,18,0.7924528301886793
KNN,True,False,euclidean,15,"cats on, norm off",0,5,6,19,0.7924528301886793
KNN,True,False,euclidean,15,"cats on, norm off",0,5,6,20,0.7592592592592593
KNN,True,False,euclidean,15,"cats on, norm off",0,5,6,21,0.6981132075471698
KNN,True,False,euclidean,15,"cats on, norm off",0,5,6,22,0.7547169811320755
KNN,True,False,euclidean,15,"cats on, norm off",0,5,6,23,0.7547169811320755
KNN,True,False,euclidean,15,"cats on, norm off",0,5,6,24,0.7924528301886793
KNN,True,False,euclidean,15,"cats on, norm off",0,5,6,25,0.6851851851851852
KNN,True,False,euclidean,15,"cats on, norm off",0,5,6,26,0.8113207547169812
KNN,True,False,euclidean,15,"cats on, norm off",0,5,6,27,0.660377358490566
KNN,True,False,euclidean,15,"cats on, norm off",0,5,6,28,0.7358490566037735
KNN,True,False,euclidean,15,"cats on, norm off",0,5,6,29,0.7358490566037735
KNN,True,False,euclidean,25,"cats on, norm off",0,5,6,0,0.7407407407407407
KNN,True,False,euclidean,25,"cats on, norm off",0,5,6,1,0.7735849056603774
KNN,True,False,euclidean,25,"cats on, norm off",0,5,6,2,0.660377358490566
KNN,True,False,euclidean,25,"cats on, norm off",0,5,6,3,0.8113207547169812
KNN,True,False,euclidean,25,"cats on, norm off",0,5,6,4,0.7169811320754716
KNN,True,False,euclidean,25,"cats on, norm off",0,5,6,5,0.8148148148148148
KNN,True,False,euclidean,25,"cats on, norm off",0,5,6,6,0.7358490566037735
KNN,True,False,euclidean,25,"cats on, norm off",0,5,6,7,0.7358490566037735
KNN,True,False,euclidean,25,"cats on, norm off",0,5,6,8,0.8113207547169812
KNN,True,False,euclidean,25,"cats on, norm off",0,5,6,9,0.7169811320754716
KNN,True,False,euclidean,25,"cats on, norm off",0,5,6,10,0.8148148148148148
KNN,True,False,euclidean,25,"cats on, norm off",0,5,6,11,0.6981132075471698
KNN,True,False,euclidean,25,"cats on, norm off",0,5,6,12,0.7547169811320755
KNN,True,False,euclidean,25,"cats on, norm off",0,5,6,13,0.8301886792452831
KNN,True,False,euclidean,25,"cats on, norm off",0,5,6,14,0.7547169811320755
KNN,True,False,euclidean,25,"cats on, norm off",0,5,6,15,0.7407407407407407
KNN,True,False,euclidean,25,"cats on, norm off",0,5,6,16,0.6981132075471698
KNN,True,False,euclidean,25,"cats on, norm off",0,5,6,17,0.6981132075471698
KNN,True,False,euclidean,25,"cats on, norm off",0,5,6,18,0.7735849056603774
KNN,True,False,euclidean,25,"cats on, norm off",0,5,6,19,0.7735849056603774
KNN,True,False,euclidean,25,"cats on, norm off",0,5,6,20,0.7592592592592593
KNN,True,False,euclidean,25,"cats on, norm off",0,5,6,21,0.7735849056603774
KNN,True,False,euclidean,25,"cats on, norm off",0,5,6,22,0.7924528301886793
KNN,True,False,euclidean,25,"cats on, norm off",0,5,6,23,0.7547169811320755
KNN,True,False,euclidean,25,"cats on, norm off",0,5,6,24,0.7924528301886793
KNN,True,False,euclidean,25,"cats on, norm off",0,5,6,25,0.7222222222222222
KNN,True,False,euclidean,25,"cats on, norm off",0,5,6,26,0.8301886792452831
KNN,True,False,euclidean,25,"cats on, norm off",0,5,6,27,0.660377358490566
KNN,True,False,euclidean,25,"cats on, norm off",0,5,6,28,0.7735849056603774
KNN,True,False,euclidean,25,"cats on, norm off",0,5,6,29,0.7735849056603774
KNN,True,False,euclidean,45,"cats on, norm off",0,5,6,0,0.7592592592592593
KNN,True,False,euclidean,45,"cats on, norm off",0,5,6,1,0.7924528301886793
KNN,True,False,euclidean,45,"cats on, norm off",0,5,6,2,0.6792452830188679
KNN,True,False,euclidean,45,"cats on, norm off",0,5,6,3,0.8113207547169812
KNN,True,False,euclidean,45,"cats on, norm off",0,5,6,4,0.6981132075471698
KNN,True,False,euclidean,45,"cats on, norm off",0,5,6,5,0.7962962962962963
KNN,True,False,euclidean,45,"cats on, norm off",0,5,6,6,0.7547169811320755
KNN,True,False,euclidean,45,"cats on, norm off",0,5,6,7,0.7547169811320755
KNN,True,False,euclidean,45,"cats on, norm off",0,5,6,8,0.8490566037735849
KNN,True,False,euclidean,45,"cats on, norm off",0,5,6,9,0.7169811320754716
KNN,True,False,euclidean,45,"cats on, norm off",0,5,6,10,0.8333333333333334
KNN,True,False,euclidean,45,"cats on, norm off",0,5,6,11,0.7169811320754716
KNN,True,False,euclidean,45,"cats on, norm off",0,5,6,12,0.7735849056603774
KNN,True,False,euclidean,45,"cats on, norm off",0,5,6,13,0.7924528301886793
KNN,True,False,euclidean,45,"cats on, norm off",0,5,6,14,0.6792452830188679
KNN,True,False,euclidean,45,"cats on, norm off",0,5,6,15,0.7592592592592593
KNN,True,False,euclidean,45,"cats on, norm off",0,5,6,16,0.7547169811320755
KNN,True,False,euclidean,45,"cats on, norm off",0,5,6,17,0.7358490566037735
KNN,True,False,euclidean,45,"cats on, norm off",0,5,6,18,0.8113207547169812
KNN,True,False,euclidean,45,"cats on, norm off",0,5,6,19,0.8113207547169812
KNN,True,False,euclidean,45,"cats on, norm off",0,5,6,20,0.7962962962962963
KNN,True,False,euclidean,45,"cats on, norm off",0,5,6,21,0.6792452830188679
KNN,True,False,euclidean,45,"cats on, norm off",0,5,6,22,0.8301886792452831
KNN,True,False,euclidean,45,"cats on, norm off",0,5,6,23,0.7547169811320755
KNN,True,False,euclidean,45,"cats on, norm off",0,5,6,24,0.7735849056603774
KNN,True,False,euclidean,45,"cats on, norm off",0,5,6,25,0.6851851851851852
KNN,True,False,euclidean,45,"cats on, norm off",0,5,6,26,0.8490566037735849
KNN,True,False,euclidean,45,"cats on, norm off",0,5,6,27,0.6981132075471698
KNN,True,False,euclidean,45,"cats on, norm off",0,5,6,28,0.7358490566037735
KNN,True,False,euclidean,45,"cats on, norm off",0,5,6,29,0.7924528301886793
KNN,True,False,manhattan,1,"cats on, norm off",0,5,6,0,0.7962962962962963
KNN,True,False,manhattan,1,"cats on, norm off",0,5,6,1,0.7924528301886793
KNN,True,False,manhattan,1,"cats on, norm off",0,5,6,2,0.7358490566037735
KNN,True,False,manhattan,1,"cats on, norm off",0,5,6,3,0.6981132075471698
KNN,True,False,manhattan,1,"cats on, norm off",0,5,6,4,0.7169811320754716
KNN,True,False,manhattan,1,"cats on, norm off",0,5,6,5,0.7777777777777778
KNN,True,False,manhattan,1,"cats on, norm off",0,5,6,6,0.7735849056603774
KNN,True,False,manhattan,1,"cats on, norm off",0,5,6,7,0.7924528301886793
KNN,True,False,manhattan,1,"cats on, norm off",0,5,6,8,0.8301886792452831
KNN,True,False,manhattan,1,"cats on, norm off",0,5,6,9,0.8301886792452831
KNN,True,False,manhattan,1,"cats on, norm off",0,5,6,10,0.7592592592592593
KNN,True,False,manhattan,1,"cats on, norm off",0,5,6,11,0.7547169811320755
KNN,True,False,manhattan,1,"cats on, norm off",0,5,6,12,0.6981132075471698
KNN,True,False,manhattan,1,"cats on, norm off",0,5,6,13,0.7547169811320755
KNN,True,False,manhattan,1,"cats on, norm off",0,5,6,14,0.7169811320754716
KNN,True,False,manhattan,1,"cats on, norm off",0,5,6,15,0.7592592592592593
KNN,True,False,manhattan,1,"cats on, norm off",0,5,6,16,0.7169811320754716
KNN,True,False,manhattan,1,"cats on, norm off",0,5,6,17,0.7735849056603774
KNN,True,False,manhattan,1,"cats on, norm off",0,5,6,18,0.8490566037735849
KNN,True,False,manhattan,1,"cats on, norm off",0,5,6,19,0.7735849056603774
KNN,True,False,manhattan,1,"cats on, norm off",0,5,6,20,0.7222222222222222
KNN,True,False,manhattan,1,"cats on, norm off",0,5,6,21,0.7358490566037735
KNN,True,False,manhattan,1,"cats on, norm off",0,5,6,22,0.7358490566037735
KNN,True,False,manhattan,1,"cats on, norm off",0,5,6,23,0.8301886792452831
KNN,True,False,manhattan,1,"cats on, norm off",0,5,6,24,0.7547169811320755
KNN,True,False,manhattan,1,"cats on, norm off",0,5,6,25,0.7222222222222222
KNN,True,False,manhattan,1,"cats on, norm off",0,5,6,26,0.7358490566037735
KNN,True,False,manhattan,1,"cats on, norm off",0,5,6,27,0.7169811320754716
KNN,True,False,manhattan,1,"cats on, norm off",0,5,6,28,0.7735849056603774
KNN,True,False,manhattan,1,"cats on, norm off",0,5,6,29,0.6792452830188679
KNN,True,False,manhattan,3,"cats on, norm off",0,5,6,0,0.8148148148148148
KNN,True,False,manhattan,3,"cats on, norm off",0,5,6,1,0.7358490566037735
KNN,True,False,manhattan,3,"cats on, norm off",0,5,6,2,0.660377358490566
KNN,True,False,manhattan,3,"cats on, norm off",0,5,6,3,0.7547169811320755
KNN,True,False,manhattan,3,"cats on, norm off",0,5,6,4,0.7735849056603774
KNN,True,False,manhattan,3,"cats on, norm off",0,5,6,5,0.7777777777777778
KNN,True,False,manhattan,3,"cats on, norm off",0,5,6,6,0.8113207547169812
KNN,True,False,manhattan,3,"cats on, norm off",0,5,6,7,0.7924528301886793
KNN,True,False,manhattan,3,"cats on, norm off",0,5,6,8,0.7169811320754716
KNN,True,False,manhattan,3,"cats on, norm off",0,5,6,9,0.7358490566037735
KNN,True,False,manhattan,3,"cats on, norm off",0,5,6,10,0.7962962962962963
KNN,True,False,manhattan,3,"cats on, norm off",0,5,6,11,0.6981132075471698
KNN,True,False,manhattan,3,"cats on, norm off",0,5,6,12,0.7547169811320755
KNN,True,False,manhattan,3,"cats on, norm off",0,5,6,13,0.7735849056603774
KNN,True,False,manhattan,3,"cats on, norm off",0,5,6,14,0.7547169811320755
KNN,True,False,manhattan,3,"cats on, norm off",0,5,6,15,0.7777777777777778
KNN,True,False,manhattan,3,"cats on, norm off",0,5,6,16,0.6792452830188679
KNN,True,False,manhattan,3,"cats on, norm off",0,5,6,17,0.7358490566037735
KNN,True,False,manhattan,3,"cats on, norm off",0,5,6,18,0.8301886792452831
KNN,True,False,manhattan,3,"cats on, norm off",0,5,6,19,0.7547169811320755
KNN,True,False,manhattan,3,"cats on, norm off",0,5,6,20,0.7777777777777778
KNN,True,False,manhattan,3,"cats on, norm off",0,5,6,21,0.7547169811320755
KNN,True,False,manhattan,3,"cats on, norm off",0,5,6,22,0.8490566037735849
KNN,True,False,manhattan,3,"cats on, norm off",0,5,6,23,0.7358490566037735
KNN,True,False,manhattan,3,"cats on, norm off",0,5,6,24,0.7735849056603774
KNN,True,False,manhattan,3,"cats on, norm off",0,5,6,25,0.6296296296296297
KNN,True,False,manhattan,3,"cats on, norm off",0,5,6,26,0.7547169811320755
KNN,True,False,manhattan,3,"cats on, norm off",0,5,6,27,0.6792452830188679
KNN,True,False,manhattan,3,"cats on, norm off",0,5,6,28,0.7924528301886793
KNN,True,False,manhattan,3,"cats on, norm off",0,5,6,29,0.6981132075471698
KNN,True,False,manhattan,5,"cats on, norm off",0,5,6,0,0.8148148148148148
KNN,True,False,manhattan,5,"cats on, norm off",0,5,6,1,0.6981132075471698
KNN,True,False,manhattan,5,"cats on, norm off",0,5,6,2,0.6792452830188679
KNN,True,False,manhattan,5,"cats on, norm off",0,5,6,3,0.7358490566037735
KNN,True,False,manhattan,5,"cats on, norm off",0,5,6,4,0.7358490566037735
KNN,True,False,manhattan,5,"cats on, norm off",0,5,6,5,0.8333333333333334
KNN,True,False,manhattan,5,"cats on, norm off",0,5,6,6,0.7547169811320755
KNN,True,False,manhattan,5,"cats on, norm off",0,5,6,7,0.7358490566037735
KNN,True,False,manhattan,5,"cats on, norm off",0,5,6,8,0.7924528301886793
KNN,True,False,manhattan,5,"cats on, norm off",0,5,6,9,0.7547169811320755
KNN,True,False,manhattan,5,"cats on, norm off",0,5,6,10,0.8703703703703703
KNN,True,False,manhattan,5,"cats on, norm off",0,5,6,11,0.6981132075471698
KNN,True,False,manhattan,5,"cats on, norm off",0,5,6,12,0.7547169811320755
KNN,True,False,manhattan,5,"cats on, norm off",0,5,6,13,0.7735849056603774
KNN,True,False,manhattan,5,"cats on, norm off",0,5,6,14,0.7169811320754716
KNN,True,False,manhattan,5,"cats on, norm off",0,5,6,15,0.7407407407407407
KNN,True,False,manhattan,5,"cats on, norm off",0,5,6,16,0.7169811320754716
KNN,True,False,manhattan,5,"cats on, norm off",0,5,6,17,0.7547169811320755
KNN,True,False,manhattan,5,"cats on, norm off",0,5,6,18,0.8301886792452831
KNN,True,False,manhattan,5,"cats on, norm off",0,5,6,19,0.7547169811320755
KNN,True,False,manhattan,5,"cats on, norm off",0,5,6,20,0.7592592592592593
KNN,True,False,manhattan,5,"cats on, norm off",0,5,6,21,0.7924528301886793
KNN,True,False,manhattan,5,"cats on, norm off",0,5,6,22,0.8113207547169812
KNN,True,False,manhattan,5,"cats on, norm off",0,5,6,23,0.7547169811320755
KNN,True,False,manhattan,5,"cats on, norm off",0,5,6,24,0.7924528301886793
KNN,True,False,manhattan,5,"cats on, norm off",0,5,6,25,0.7222222222222222
KNN,True,False,manhattan,5,"cats on, norm off",0,5,6,26,0.8301886792452831
KNN,True,False,manhattan,5,"cats on, norm off",0,5,6,27,0.660377358490566
KNN,True,False,manhattan,5,"cats on, norm off",0,5,6,28,0.7735849056603774
KNN,True,False,manhattan,5,"cats on, norm off",0,5,6,29,0.7358490566037735
KNN,True,False,manhattan,9,"cats on, norm off",0,5,6,0,0.7592592592592593
KNN,True,False,manhattan,9,"cats on, norm off",0,5,6,1,0.7358490566037735
KNN,True,False,manhattan,9,"cats on, norm off",0,5,6,2,0.7358490566037735
KNN,True,False,manhattan,9,"cats on, norm off",0,5,6,3,0.8490566037735849
KNN,True,False,manhattan,9,"cats on, norm off",0,5,6,4,0.7169811320754716
KNN,True,False,manhattan,9,"cats on, norm off",0,5,6,5,0.7407407407407407
KNN,True,False,manhattan,9,"cats on, norm off",0,5,6,6,0.7358490566037735
KNN,True,False,manhattan,9,"cats on, norm off",0,5,6,7,0.7358490566037735
KNN,True,False,manhattan,9,"cats on, norm off",0,5,6,8,0.8113207547169812
KNN,True,False,manhattan,9,"cats on, norm off",0,5,6,9,0.7735849056603774
KNN,True,False,manhattan,9,"cats on, norm off",0,5,6,10,0.8518518518518519
KNN,True,False,manhattan,9,"cats on, norm off",0,5,6,11,0.6981132075471698
KNN,True,False,manhattan,9,"cats on, norm off",0,5,6,12,0.7547169811320755
KNN,True,False,manhattan,9,"cats on, norm off",0,5,6,13,0.7735849056603774
KNN,True,False,manhattan,9,"cats on, norm off",0,5,6,14,0.6981132075471698
KNN,True,False,manhattan,9,"cats on, norm off",0,5,6,15,0.7407407407407407
KNN,True,False,manhattan,9,"cats on, norm off",0,5,6,16,0.7169811320754716
KNN,True,False,manhattan,9,"cats on, norm off",0,5,6,17,0.7358490566037735
KNN,True,False,manhattan,9,"cats on, norm off",0,5,6,18,0.8113207547169812
KNN,True,False,manhattan,9,"cats on, norm off",0,5,6,19,0.7358490566037735
KNN,True,False,manhattan,9,"cats on, norm off",0,5,6,20,0.7592592592592593
KNN,True,False,manhattan,9,"cats on, norm off",0,5,6,21,0.7358490566037735
KNN,True,False,manhattan,9,"cats on, norm off",0,5,6,22,0.7924528301886793
KNN,True,False,manhattan,9,"cats on, norm off",0,5,6,23,0.7547169811320755
KNN,True,False,manhattan,9,"cats on, norm off",0,5,6,24,0.7924528301886793
KNN,True,False,manhattan,9,"cats on, norm off",0,5,6,25,0.7407407407407407
KNN,True,False,manhattan,9,"cats on, norm off",0,5,6,26,0.7924528301886793
KNN,True,False,manhattan,9,"cats on, norm off",0,5,6,27,0.660377358490566
KNN,True,False,manhattan,9,"cats on, norm off",0,5,6,28,0.7358490566037735
KNN,True,False,manhattan,9,"cats on, norm off",0,5,6,29,0.7358490566037735
KNN,True,False,manhattan,15,"cats on, norm off",0,5,6,0,0.7592592592592593
KNN,True,False,manhattan,15,"cats on, norm off",0,5,6,1,0.7547169811320755
KNN,True,False,manhattan,15,"cats on, norm off",0,5,6,2,0.6981132075471698
KNN,True,False,manhattan,15,"cats on, norm off",0,5,6,3,0.8679245283018868
KNN,True,False,manhattan,15,"cats on, norm off",0,5,6,4,0.7169811320754716
KNN,True,False,manhattan,15,"cats on, norm off",0,5,6,5,0.7777777777777778
KNN,True,False,manhattan,15,"cats on, norm off",0,5,6,6,0.7924528301886793
KNN,True,False,manhattan,15,"cats on, norm off",0,5,6,7,0.7547169811320755
KNN,True,False,manhattan,15,"cats on, norm off",0,5,6,8,0.8113207547169812
KNN,True,False,manhattan,15,"cats on, norm off",0,5,6,9,0.7169811320754716
KNN,True,False,manhattan,15,"cats on, norm off",0,5,6,10,0.8518518518518519
KNN,True,False,manhattan,15,"cats on, norm off",0,5,6,11,0.7169811320754716
KNN,True,False,manhattan,15,"cats on, norm off",0,5,6,12,0.7169811320754716
KNN,True,False,manhattan,15,"cats on, norm off",0,5,6,13,0.8113207547169812
KNN,True,False,manhattan,15,"cats on, norm off",0,5,6,14,0.6981132075471698
KNN,True,False,manhattan,15,"cats on, norm off",0,5,6,15,0.7407407407407407
KNN,True,False,manhattan,15,"cats on, norm off",0,5,6,16,0.6792452830188679
KNN,True,False,manhattan,15,"cats on, norm off",0,5,6,17,0.7358490566037735
KNN,True,False,manhattan,15,"cats on, norm off",0,5,6,18,0.7924528301886793
KNN,True,False,manhattan,15,"cats on, norm off",0,5,6,19,0.7924528301886793
KNN,True,False,manhattan,15,"cats on, norm off",0,5,6,20,0.7777777777777778
KNN,True,False,manhattan,15,"cats on, norm off",0,5,6,21,0.7169811320754716
KNN,True,False,manhattan,15,"cats on, norm off",0,5,6,22,0.7547169811320755
KNN,True,False,manhattan,15,"cats on, norm off",0,5,6,23,0.7547169811320755
KNN,True,False,manhattan,15,"cats on, norm off",0,5,6,24,0.7924528301886793
KNN,True,False,manhattan,15,"cats on, norm off",0,5,6,25,0.6851851851851852
KNN,True,False,manhattan,15,"cats on, norm off",0,5,6,26,0.8301886792452831
KNN,True,False,manhattan,15,"cats on, norm off",0,5,6,27,0.660377358490566
KNN,True,False,manhattan,15,"cats on, norm off",0,5,6,28,0.7547169811320755
KNN,True,False,manhattan,15,"cats on, norm off",0,5,6,29,0.7547169811320755
KNN,True,False,manhattan,25,"cats on, norm off",0,5,6,0,0.7407407407407407
KNN,True,False,manhattan,25,"cats on, norm off",0,5,6,1,0.7735849056603774
KNN,True,False,manhattan,25,"cats on, norm off",0,5,6,2,0.660377358490566
KNN,True,False,manhattan,25,"cats on, norm off",0,5,6,3,0.8113207547169812
KNN,True,False,manhattan,25,"cats on, norm off",0,5,6,4,0.7169811320754716
KNN,True,False,manhattan,25,"cats on, norm off",0,5,6,5,0.8148148148148148
KNN,True,False,manhattan,25,"cats on, norm off",0,5,6,6,0.7169811320754716
KNN,True,False,manhattan,25,"cats on, norm off",0,5,6,7,0.7358490566037735
KNN,True,False,manhattan,25,"cats on, norm off",0,5,6,8,0.8301886792452831
KNN,True,False,manhattan,25,"cats on, norm off",0,5,6,9,0.6981132075471698
KNN,True,False,manhattan,25,"cats on, norm off",0,5,6,10,0.8148148148148148
KNN,True,False,manhattan,25,"cats on, norm off",0,5,6,11,0.6981132075471698
KNN,True,False,manhattan,25,"cats on, norm off",0,5,6,12,0.7547169811320755
KNN,True,False,manhattan,25,"cats on, norm off",0,5,6,13,0.8301886792452831
KNN,True,False,manhattan,25,"cats on, norm off",0,5,6,14,0.7547169811320755
KNN,True,False,manhattan,25,"cats on, norm off",0,5,6,15,0.7407407407407407
KNN,True,False,manhattan,25,"cats on, norm off",0,5,6,16,0.7358490566037735
KNN,True,False,manhattan,25,"cats on, norm off",0,5,6,17,0.6981132075471698
KNN,True,False,manhattan,25,"cats on, norm off",0,5,6,18,0.7735849056603774
KNN,True,False,manhattan,25,"cats on, norm off",0,5,6,19,0.7735849056603774
KNN,True,False,manhattan,25,"cats on, norm off",0,5,6,20,0.7592592592592593
KNN,True,False,manhattan,25,"cats on, norm off",0,5,6,21,0.7735849056603774
KNN,True,False,manhattan,25,"cats on, norm off",0,5,6,22,0.8301886792452831
KNN,True,False,manhattan,25,"cats on, norm off",0,5,6,23,0.7547169811320755
KNN,True,False,manhattan,25,"cats on, norm off",0,5,6,24,0.7924528301886793
KNN,True,False,manhattan,25,"cats on, norm off",0,5,6,25,0.7222222222222222
KNN,True,False,manhattan,25,"cats on, norm off",0,5,6,26,0.8301886792452831
KNN,True,False,manhattan,25,"cats on, norm off",0,5,6,27,0.660377358490566
KNN,True,False,manhattan,25,"cats on, norm off",0,5,6,28,0.7735849056603774
KNN,True,False,manhattan,25,"cats on, norm off",0,5,6,29,0.7735849056603774
KNN,True,False,manhattan,45,"cats on, norm off",0,5,6,0,0.7592592592592593
KNN,True,False,manhattan,45,"cats on, norm off",0,5,6,1,0.7924528301886793
KNN,True,False,manhattan,45,"cats on, norm off",0,5,6,2,0.6792452830188679
KNN,True,False,manhattan,45,"cats on, norm off",0,5,6,3,0.8113207547169812
KNN,True,False,manhattan,45,"cats on, norm off",0,5,6,4,0.6981132075471698
KNN,True,False,manhattan,45,"cats on, norm off",0,5,6,5,0.7962962962962963
KNN,True,False,manhattan,45,"cats on, norm off",0,5,6,6,0.7547169811320755
KNN,True,False,manhattan,45,"cats on, norm off",0,5,6,7,0.7547169811320755
KNN,True,False,manhattan,45,"cats on, norm off",0,5,6,8,0.8679245283018868
KNN,True,False,manhattan,45,"cats on, norm off",0,5,6,9,0.7169811320754716
KNN,True,False,manhattan,45,"cats on, norm off",0,5,6,10,0.8333333333333334
KNN,True,False,manhattan,45,"cats on, norm off",0,5,6,11,0.7169811320754716
KNN,True,False,manhattan,45,"cats on, norm off",0,5,6,12,0.7735849056603774
KNN,True,False,manhattan,45,"cats on, norm off",0,5,6,13,0.7924528301886793
KNN,True,False,manhattan,45,"cats on, norm off",0,5,6,14,0.6792452830188679
KNN,True,False,manhattan,45,"cats on, norm off",0,5,6,15,0.7592592592592593
KNN,True,False,manhattan,45,"cats on, norm off",0,5,6,16,0.7547169811320755
KNN,True,False,manhattan,45,"cats on, norm off",0,5,6,17,0.7358490566037735
KNN,True,False,manhattan,45,"cats on, norm off",0,5,6,18,0.8113207547169812
KNN,True,False,manhattan,45,"cats on, norm off",0,5,6,19,0.8113207547169812
KNN,True,False,manhattan,45,"cats on, norm off",0,5,6,20,0.7962962962962963
KNN,True,False,manhattan,45,"cats on, norm off",0,5,6,21,0.6792452830188679
KNN,True,False,manhattan,45,"cats on, norm off",0,5,6,22,0.8301886792452831
KNN,True,False,manhattan,45,"cats on, norm off",0,5,6,23,0.7547169811320755
KNN,True,False,manhattan,45,"cats on, norm off",0,5,6,24,0.7735849056603774
KNN,True,False,manhattan,45,"cats on, norm off",0,5,6,25,0.7037037037037037
KNN,True,False,manhattan,45,"cats on, norm off",0,5,6,26,0.8490566037735849
KNN,True,False,manhattan,45,"cats on, norm off",0,5,6,27,0.6981132075471698
KNN,True,False,manhattan,45,"cats on, norm off",0,5,6,28,0.7358490566037735
KNN,True,False,manhattan,45,"cats on, norm off",0,5,6,29,0.7924528301886793
KNN,True,True,chebyshev,1,"cats on, norm on",0,5,6,0,0.9259259259259259
KNN,True,True,chebyshev,1,"cats on, norm on",0,5,6,1,0.9056603773584906
KNN,True,True,chebyshev,1,"cats on, norm on",0,5,6,2,0.8301886792452831
KNN,True,True,chebyshev,1,"cats on, norm on",0,5,6,3,0.8867924528301887
KNN,True,True,chebyshev,1,"cats on, norm on",0,5,6,4,0.9245283018867925
KNN,True,True,chebyshev,1,"cats on, norm on",0,5,6,5,0.8888888888888888
KNN,True,True,chebyshev,1,"cats on, norm on",0,5,6,6,0.8490566037735849
KNN,True,True,chebyshev,1,"cats on, norm on",0,5,6,7,0.8113207547169812
KNN,True,True,chebyshev,1,"cats on, norm on",0,5,6,8,0.8867924528301887
KNN,True,True,chebyshev,1,"cats on, norm on",0,5,6,9,0.8490566037735849
KNN,True,True,chebyshev,1,"cats on, norm on",0,5,6,10,0.8888888888888888
KNN,True,True,chebyshev,1,"cats on, norm on",0,5,6,11,0.8490566037735849
KNN,True,True,chebyshev,1,"cats on, norm on",0,5,6,12,0.9056603773584906
KNN,True,True,chebyshev,1,"cats on, norm on",0,5,6,13,0.8679245283018868
KNN,True,True,chebyshev,1,"cats on, norm on",0,5,6,14,0.9245283018867925
KNN,True,True,chebyshev,1,"cats on, norm on",0,5,6,15,0.8703703703703703
KNN,True,True,chebyshev,1,"cats on, norm on",0,5,6,16,0.8301886792452831
KNN,True,True,chebyshev,1,"cats on, norm on",0,5,6,17,0.8867924528301887
KNN,True,True,chebyshev,1,"cats on, norm on",0,5,6,18,0.8679245283018868
KNN,True,True,chebyshev,1,"cats on, norm on",0,5,6,19,0.8679245283018868
KNN,True,True,chebyshev,1,"cats on, norm on",0,5,6,20,0.9259259259259259
KNN,True,True,chebyshev,1,"cats on, norm on",0,5,6,21,0.8490566037735849
KNN,True,True,chebyshev,1,"cats on, norm on",0,5,6,22,0.9056603773584906
KNN,True,True,chebyshev,1,"cats on, norm on",0,5,6,23,0.8679245283018868
KNN,True,True,chebyshev,1,"cats on, norm on",0,5,6,24,0.9056603773584906
KNN,True,True,chebyshev,1,"cats on, norm on",0,5,6,25,0.9444444444444444
KNN,True,True,chebyshev,1,"cats on, norm on",0,5,6,26,0.8301886792452831
KNN,True,True,chebyshev,1,"cats on, norm on",0,5,6,27,0.9056603773584906
KNN,True,True,chebyshev,1,"cats on, norm on",0,5,6,28,0.8490566037735849
KNN,True,True,chebyshev,1,"cats on, norm on",0,5,6,29,0.8867924528301887
KNN,True,True,chebyshev,3,"cats on, norm on",0,5,6,0,0.9629629629629629
KNN,True,True,chebyshev,3,"cats on, norm on",0,5,6,1,0.9433962264150944
KNN,True,True,chebyshev,3,"cats on, norm on",0,5,6,2,0.8867924528301887
KNN,True,True,chebyshev,3,"cats on, norm on",0,5,6,3,0.8301886792452831
KNN,True,True,chebyshev,3,"cats on, norm on",0,5,6,4,0.8867924528301887
KNN,True,True,chebyshev,3,"cats on, norm on",0,5,6,5,0.9629629629629629
KNN,True,True,chebyshev,3,"cats on, norm on",0,5,6,6,0.7924528301886793
KNN,True,True,chebyshev,3,"cats on, norm on",0,5,6,7,0.8113207547169812
KNN,True,True,chebyshev,3,"cats on, norm on",0,5,6,8,0.9056603773584906
KNN,True,True,chebyshev,3,"cats on, norm on",0,5,6,9,0.9056603773584906
KNN,True,True,chebyshev,3,"cats on, norm on",0,5,6,10,0.8518518518518519
KNN,True,True,chebyshev,3,"cats on, norm on",0,5,6,11,0.8679245283018868
KNN,True,True,chebyshev,3,"cats on, norm on",0,5,6,12,0.9056603773584906
KNN,True,True,chebyshev,3,"cats on, norm on",0,5,6,13,0.8490566037735849
KNN,True,True,chebyshev,3,"cats on, norm on",0,5,6,14,0.9056603773584906
KNN,True,True,chebyshev,3,"cats on, norm on",0,5,6,15,0.9259259259259259
KNN,True,True,chebyshev,3,"cats on, norm on",0,5,6,16,0.8490566037735849
KNN,True,True,chebyshev,3,"cats on, norm on",0,5,6,17,0.9056603773584906
KNN,True,True,chebyshev,3,"cats on, norm on",0,5,6,18,0.8679245283018868
KNN,True,True,chebyshev,3,"cats on, norm on",0,5,6,19,0.7924528301886793
KNN,True,True,chebyshev,3,"cats on, norm on",0,5,6,20,0.8888888888888888
KNN,True,True,chebyshev,3,"cats on, norm on",0,5,6,21,0.8113207547169812
KNN,True,True,chebyshev,3,"cats on, norm on",0,5,6,22,0.8867924528301887
KNN,True,True,chebyshev,3,"cats on, norm on",0,5,6,23,0.9056603773584906
KNN,True,True,chebyshev,3,"cats on, norm on",0,5,6,24,0.8867924528301887
KNN,True,True,chebyshev,3,"cats on, norm on",0,5,6,25,0.9259259259259259
KNN,True,True,chebyshev,3,"cats on, norm on",0,5,6,26,0.8301886792452831
KNN,True,True,chebyshev,3,"cats on, norm on",0,5,6,27,0.9056603773584906
KNN,True,True,chebyshev,3,"cats on, norm on",0,5,6,28,0.8679245283018868
KNN,True,True,chebyshev,3,"cats on, norm on",0,5,6,29,0.9056603773584906
KNN,True,True,chebyshev,5,"cats on, norm on",0,5,6,0,0.9629629629629629
KNN,True,True,chebyshev,5,"cats on, norm on",0,5,6,1,0.9245283018867925
KNN,True,True,chebyshev,5,"cats on, norm on",0,5,6,2,0.8679245283018868
KNN,True,True,chebyshev,5,"cats on, norm on",0,5,6,3,0.8490566037735849
KNN,True,True,chebyshev,5,"cats on, norm on",0,5,6,4,0.8867924528301887
KNN,True,True,chebyshev,5,"cats on, norm on",0,5,6,5,0.9444444444444444
KNN,True,True,chebyshev,5,"cats on, norm on",0,5,6,6,0.8301886792452831
KNN,True,True,chebyshev,5,"cats on, norm on",0,5,6,7,0.8490566037735849
KNN,True,True,chebyshev,5,"cats on, norm on",0,5,6,8,0.8679245283018868
KNN,True,True,chebyshev,5,"cats on, norm on",0,5,6,9,0.9245283018867925
KNN,True,True,chebyshev,5,"cats on, norm on",0,5,6,10,0.8703703703703703
KNN,True,True,chebyshev,5,"cats on, norm on",0,5,6,11,0.8679245283018868
KNN,True,True,chebyshev,5,"cats on, norm on",0,5,6,12,0.9433962264150944
KNN,True,True,chebyshev,5,"cats on, norm on",0,5,6,13,0.8490566037735849
KNN,True,True,chebyshev,5,"cats on, norm on",0,5,6,14,0.9245283018867925
KNN,True,True,chebyshev,5,"cats on, norm on",0,5,6,15,0.9259259259259259
KNN,True,True,chebyshev,5,"cats on, norm on",0,5,6,16,0.8301886792452831
KNN,True,True,chebyshev,5,"cats on, norm on",0,5,6,17,0.9056603773584906
KNN,True,True,chebyshev,5,"cats on, norm on",0,5,6,18,0.9622641509433962
KNN,True,True,chebyshev,5,"cats on, norm on",0,5,6,19,0.8490566037735849
KNN,True,True,chebyshev,5,"cats on, norm on",0,5,6,20,0.9444444444444444
KNN,True,True,chebyshev,5,"cats on, norm on",0,5,6,21,0.8490566037735849
KNN,True,True,chebyshev,5,"cats on, norm on",0,5,6,22,0.8867924528301887
KNN,True,True,chebyshev,5,"cats on, norm on",0,5,6,23,0.9056603773584906
KNN,True,True,chebyshev,5,"cats on, norm on",0,5,6,24,0.9056603773584906
KNN,True,True,chebyshev,5,"cats on, norm on",0,5,6,25,0.9444444444444444
KNN,True,True,chebyshev,5,"cats on, norm on",0,5,6,26,0.8867924528301887
KNN,True,True,chebyshev,5,"cats on, norm on",0,5,6,27,0.9245283018867925
KNN,True,True,chebyshev,5,"cats on, norm on",0,5,6,28,0.8679245283018868
KNN,True,True,chebyshev,5,"cats on, norm on",0,5,6,29,0.8867924528301887
KNN,True,True,chebyshev,9,"cats on, norm on",0,5,6,0,0.9444444444444444
KNN,True,True,chebyshev,9,"cats on, norm on",0,5,6,1,0.9622641509433962
KNN,True,True,chebyshev,9,"cats on, norm on",0,5,6,2,0.8679245283018868
KNN,True,True,chebyshev,9,"cats on, norm on",0,5,6,3,0.8679245283018868
KNN,True,True,chebyshev,9,"cats on, norm on",0,5,6,4,0.9056603773584906
KNN,True,True,chebyshev,9,"cats on, norm on",0,5,6,5,0.9259259259259259
KNN,True,True,chebyshev,9,"cats on, norm on",0,5,6,6,0.8867924528301887
KNN,True,True,chebyshev,9,"cats on, norm on",0,5,6,7,0.8301886792452831
KNN,True,True,chebyshev,9,"cats on, norm on",0,5,6,8,0.9056603773584906
KNN,True,True,chebyshev,9,"cats on, norm on",0,5,6,9,0.9245283018867925
KNN,True,True,chebyshev,9,"cats on, norm on",0,5,6,10,0.8703703703703703
KNN,True,True,chebyshev,9,"cats on, norm on",0,5,6,11,0.9056603773584906
KNN,True,True,chebyshev,9,"cats on, norm on",0,5,6,12,0.9622641509433962
KNN,True,True,chebyshev,9,"cats on, norm on",0,5,6,13,0.8679245283018868
KNN,True,True,chebyshev,9,"cats on, norm on",0,5,6,14,0.9433962264150944
KNN,True,True,chebyshev,9,"cats on, norm on",0,5,6,15,0.9444444444444444
KNN,True,True,chebyshev,9,"cats on, norm on",0,5,6,16,0.8113207547169812
KNN,True,True,chebyshev,9,"cats on, norm on",0,5,6,17,0.9245283018867925
KNN,True,True,chebyshev,9,"cats on, norm on",0,5,6,18,0.9245283018867925
KNN,True,True,chebyshev,9,"cats on, norm on",0,5,6,19,0.8867924528301887
KNN,True,True,chebyshev,9,"cats on, norm on",0,5,6,20,0.9444444444444444
KNN,True,True,chebyshev,9,"cats on, norm on",0,5,6,21,0.8490566037735849
KNN,True,True,chebyshev,9,"cats on, norm on",0,5,6,22,0.8867924528301887
KNN,True,True,chebyshev,9,"cats on, norm on",0,5,6,23,0.8679245283018868
KNN,True,True,chebyshev,9,"cats on, norm on",0,5,6,24,0.9056603773584906
KNN,True,True,chebyshev,9,"cats on, norm on",0,5,6,25,0.9444444444444444
KNN,True,True,chebyshev,9,"cats on, norm on",0,5,6,26,0.8867924528301887
KNN,True,True,chebyshev,9,"cats on, norm on",0,5,6,27,0.9245283018867925
KNN,True,True,chebyshev,9,"cats on, norm on",0,5,6,28,0.8301886792452831
KNN,True,True,chebyshev,9,"cats on, norm on",0,5,6,29,0.8679245283018868
KNN,True,True,chebyshev,15,"cats on, norm on",0,5,6,0,0.9074074074074074
KNN,True,True,chebyshev,15,"cats on, norm on",0,5,6,1,0.9622641509433962
KNN,True,True,chebyshev,15,"cats on, norm on",0,5,6,2,0.8679245283018868
KNN,True,True,chebyshev,15,"cats on, norm on",0,5,6,3,0.8679245283018868
KNN,True,True,chebyshev,15,"cats on, norm on",0,5,6,4,0.8867924528301887
KNN,True,True,chebyshev,15,"cats on, norm on",0,5,6,5,0.9259259259259259
KNN,True,True,chebyshev,15,"cats on, norm on",0,5,6,6,0.8679245283018868
KNN,True,True,chebyshev,15,"cats on, norm on",0,5,6,7,0.7924528301886793
KNN,True,True,chebyshev,15,"cats on, norm on",0,5,6,8,0.8867924528301887
KNN,True,True,chebyshev,15,"cats on, norm on",0,5,6,9,0.8867924528301887
KNN,True,True,chebyshev,15,"cats on, norm on",0,5,6,10,0.8518518518518519
KNN,True,True,chebyshev,15,"cats on, norm on",0,5,6,11,0.9056603773584906
KNN,True,True,chebyshev,15,"cats on, norm on",0,5,6,12,0.9433962264150944
KNN,True,True,chebyshev,15,"cats on, norm on",0,5,6,13,0.8490566037735849
KNN,True,True,chebyshev,15,"cats on, norm on",0,5,6,14,0.9622641509433962
KNN,True,True,chebyshev,15,"cats on, norm on",0,5,6,15,0.9444444444444444
KNN,True,True,chebyshev,15,"cats on, norm on",0,5,6,16,0.8301886792452831
KNN,True,True,chebyshev,15,"cats on, norm on",0,5,6,17,0.9056603773584906
KNN,True,True,chebyshev,15,"cats on, norm on",0,5,6,18,0.9056603773584906
KNN,True,True,chebyshev,15,"cats on, norm on",0,5,6,19,0.9245283018867925
KNN,True,True,chebyshev,15,"cats on, norm on",0,5,6,20,0.9444444444444444
KNN,True,True,chebyshev,15,"cats on, norm on",0,5,6,21,0.8490566037735849
KNN,True,True,chebyshev,15,"cats on, norm on",0,5,6,22,0.9056603773584906
KNN,True,True,chebyshev,15,"cats on, norm on",0,5,6,23,0.8867924528301887
KNN,True,True,chebyshev,15,"cats on, norm on",0,5,6,24,0.9056603773584906
KNN,True,True,chebyshev,15,"cats on, norm on",0,5,6,25,0.9629629629629629
KNN,True,True,chebyshev,15,"cats on, norm on",0,5,6,26,0.8867924528301887
KNN,True,True,chebyshev,15,"cats on, norm on",0,5,6,27,0.9245283018867925
KNN,True,True,chebyshev,15,"cats on, norm on",0,5,6,28,0.8490566037735849
KNN,True,True,chebyshev,15,"cats on, norm on",0,5,6,29,0.8679245283018868
KNN,True,True,chebyshev,25,"cats on, norm on",0,5,6,0,0.8888888888888888
KNN,True,True,chebyshev,25,"cats on, norm on",0,5,6,1,0.8301886792452831
KNN,True,True,chebyshev,25,"cats on, norm on",0,5,6,2,0.8490566037735849
KNN,True,True,chebyshev,25,"cats on, norm on",0,5,6,3,0.8490566037735849
KNN,True,True,chebyshev,25,"cats on, norm on",0,5,6,4,0.8113207547169812
KNN,True,True,chebyshev,25,"cats on, norm on",0,5,6,5,0.9444444444444444
KNN,True,True,chebyshev,25,"cats on, norm on",0,5,6,6,0.7924528301886793
KNN,True,True,chebyshev,25,"cats on, norm on",0,5,6,7,0.6415094339622641
KNN,True,True,chebyshev,25,"cats on, norm on",0,5,6,8,0.7358490566037735
KNN,True,True,chebyshev,25,"cats on, norm on",0,5,6,9,0.8113207547169812
KNN,True,True,chebyshev,25,"cats on, norm on",0,5,6,10,0.7777777777777778
KNN,True,True,chebyshev,25,"cats on, norm on",0,5,6,11,0.8113207547169812
KNN,True,True,chebyshev,25,"cats on, norm on",0,5,6,12,0.9433962264150944
KNN,True,True,chebyshev,25,"cats on, norm on",0,5,6,13,0.7547169811320755
KNN,True,True,chebyshev,25,"cats on, norm on",0,5,6,14,0.8867924528301887
KNN,True,True,chebyshev,25,"cats on, norm on",0,5,6,15,0.8703703703703703
KNN,True,True,chebyshev,25,"cats on, norm on",0,5,6,16,0.7735849056603774
KNN,True,True,chebyshev,25,"cats on, norm on",0,5,6,17,0.8490566037735849
KNN,True,True,chebyshev,25,"cats on, norm on",0,5,6,18,0.8490566037735849
KNN,True,True,chebyshev,25,"cats on, norm on",0,5,6,19,0.8490566037735849
KNN,True,True,chebyshev,25,"cats on, norm on",0,5,6,20,0.7962962962962963
KNN,True,True,chebyshev,25,"cats on, norm on",0,5,6,21,0.7924528301886793
KNN,True,True,chebyshev,25,"cats on, norm on",0,5,6,22,0.8867924528301887
KNN,True,True,chebyshev,25,"cats on, norm on",0,5,6,23,0.7735849056603774
KNN,True,True,chebyshev,25,"cats on, norm on",0,5,6,24,0.8867924528301887
KNN,True,True,chebyshev,25,"cats on, norm on",0,5,6,25,0.9259259259259259
KNN,True,True,chebyshev,25,"cats on, norm on",0,5,6,26,0.8490566037735849
KNN,True,True,chebyshev,25,"cats on, norm on",0,5,6,27,0.8867924528301887
KNN,True,True,chebyshev,25,"cats on, norm on",0,5,6,28,0.660377358490566
KNN,True,True,chebyshev,25,"cats on, norm on",0,5,6,29,0.8301886792452831
KNN,True,True,chebyshev,45,"cats on, norm on",0,5,6,0,0.6481481481481481
KNN,True,True,chebyshev,45,"cats on, norm on",0,5,6,1,0.7358490566037735
KNN,True,True,chebyshev,45,"cats on, norm on",0,5,6,2,0.7169811320754716
KNN,True,True,chebyshev,45,"cats on, norm on",0,5,6,3,0.7547169811320755
KNN,True,True,chebyshev,45,"cats on, norm on",0,5,6,4,0.660377358490566
KNN,True,True,chebyshev,45,"cats on, norm on",0,5,6,5,0.7962962962962963
KNN,True,True,chebyshev,45,"cats on, norm on",0,5,6,6,0.7358490566037735
KNN,True,True,chebyshev,45,"cats on, norm on",0,5,6,7,0.7169811320754716
KNN,True,True,chebyshev,45,"cats on, norm on",0,5,6,8,0.6981132075471698
KNN,True,True,chebyshev,45,"cats on, norm on",0,5,6,9,0.6415094339622641
KNN,True,True,chebyshev,45,"cats on, norm on",0,5,6,10,0.7407407407407407
KNN,True,True,chebyshev,45,"cats on, norm on",0,5,6,11,0.6415094339622641
KNN,True,True,chebyshev,45,"cats on, norm on",0,5,6,12,0.7169811320754716
KNN,True,True,chebyshev,45,"cats on, norm on",0,5,6,13,0.7735849056603774
KNN,True,True,chebyshev,45,"cats on, norm on",0,5,6,14,0.7547169811320755
KNN,True,True,chebyshev,45,"cats on, norm on",0,5,6,15,0.6851851851851852
KNN,True,True,chebyshev,45,"cats on, norm on",0,5,6,16,0.660377358490566
KNN,True,True,chebyshev,45,"cats on, norm on",0,5,6,17,0.660377358490566
KNN,True,True,chebyshev,45,"cats on, norm on",0,5,6,18,0.7169811320754716
KNN,True,True,chebyshev,45,"cats on, norm on",0,5,6,19,0.6037735849056604
KNN,True,True,chebyshev,45,"cats on, norm on",0,5,6,20,0.6481481481481481
KNN,True,True,chebyshev,45,"cats on, norm on",0,5,6,21,0.6792452830188679
KNN,True,True,chebyshev,45,"cats on, norm on",0,5,6,22,0.7547169811320755
KNN,True,True,chebyshev,45,"cats on, norm on",0,5,6,23,0.660377358490566
KNN,True,True,chebyshev,45,"cats on, norm on",0,5,6,24,0.7924528301886793
KNN,True,True,chebyshev,45,"cats on, norm on",0,5,6,25,0.7407407407407407
KNN,True,True,chebyshev,45,"cats on, norm on",0,5,6,26,0.6981132075471698
KNN,True,True,chebyshev,45,"cats on, norm on",0,5,6,27,0.6415094339622641
KNN,True,True,chebyshev,45,"cats on, norm on",0,5,6,28,0.6792452830188679
KNN,True,True,chebyshev,45,"cats on, norm on",0,5,6,29,0.7169811320754716
KNN,True,True,euclidean,1,"cats on, norm on",0,5,6,0,0.9444444444444444
KNN,True,True,euclidean,1,"cats on, norm on",0,5,6,1,0.8679245283018868
KNN,True,True,euclidean,1,"cats on, norm on",0,5,6,2,0.8490566037735849
KNN,True,True,euclidean,1,"cats on, norm on",0,5,6,3,0.8490566037735849
KNN,True,True,euclidean,1,"cats on, norm on",0,5,6,4,0.9056603773584906
KNN,True,True,euclidean,1,"cats on, norm on",0,5,6,5,0.8888888888888888
KNN,True,True,euclidean,1,"cats on, norm on",0,5,6,6,0.8490566037735849
KNN,True,True,euclidean,1,"cats on, norm on",0,5,6,7,0.8301886792452831
KNN,True,True,euclidean,1,"cats on, norm on",0,5,6,8,0.8867924528301887
KNN,True,True,euclidean,1,"cats on, norm on",0,5,6,9,0.8490566037735849
KNN,True,True,euclidean,1,"cats on, norm on",0,5,6,10,0.8703703703703703
KNN,True,True,euclidean,1,"cats on, norm on",0,5,6,11,0.8301886792452831
KNN,True,True,euclidean,1,"cats on, norm on",0,5,6,12,0.8490566037735849
KNN,True,True,euclidean,1,"cats on, norm on",0,5,6,13,0.8490566037735849
KNN,True,True,euclidean,1,"cats on, norm on",0,5,6,14,0.9056603773584906
KNN,True,True,euclidean,1,"cats on, norm on",0,5,6,15,0.9259259259259259
KNN,True,True,euclidean,1,"cats on, norm on",0,5,6,16,0.8113207547169812
KNN,True,True,euclidean,1,"cats on, norm on",0,5,6,17,0.8867924528301887
KNN,True,True,euclidean,1,"cats on, norm on",0,5,6,18,0.8301886792452831
KNN,True,True,euclidean,1,"cats on, norm on",0,5,6,19,0.8679245283018868
KNN,True,True,euclidean,1,"cats on, norm on",0,5,6,20,0.8888888888888888
KNN,True,True,euclidean,1,"cats on, norm on",0,5,6,21,0.8490566037735849
KNN,True,True,euclidean,1,"cats on, norm on",0,5,6,22,0.8679245283018868
KNN,True,True,euclidean,1,"cats on, norm on",0,5,6,23,0.8867924528301887
KNN,True,True,euclidean,1,"cats on, norm on",0,5,6,24,0.9245283018867925
KNN,True,True,euclidean,1,"cats on, norm on",0,5,6,25,0.9074074074074074
KNN,True,True,euclidean,1,"cats on, norm on",0,5,6,26,0.8490566037735849
KNN,True,True,euclidean,1,"cats on, norm on",0,5,6,27,0.9056603773584906
KNN,True,True,euclidean,1,"cats on, norm on",0,5,6,28,0.8679245283018868
KNN,True,True,euclidean,1,"cats on, norm on",0,5,6,29,0.8679245283018868
KNN,True,True,euclidean,3,"cats on, norm on",0,5,6,0,0.9444444444444444
KNN,True,True,euclidean,3,"cats on, norm on",0,5,6,1,0.8867924528301887
KNN,True,True,euclidean,3,"cats on, norm on",0,5,6,2,0.8679245283018868
KNN,True,True,euclidean,3,"cats on, norm on",0,5,6,3,0.8490566037735849
KNN,True,True,euclidean,3,"cats on, norm on",0,5,6,4,0.9056603773584906
KNN,True,True,euclidean,3,"cats on, norm on",0,5,6,5,0.9444444444444444
KNN,True,True,euclidean,3,"cats on, norm on",0,5,6,6,0.8301886792452831
KNN,True,True,euclidean,3,"cats on, norm on",0,5,6,7,0.8867924528301887
KNN,True,True,euclidean,3,"cats on, norm on",0,5,6,8,0.9056603773584906
KNN,True,True,euclidean,3,"cats on, norm on",0,5,6,9,0.9056603773584906
KNN,True,True,euclidean,3,"cats on, norm on",0,5,6,10,0.8703703703703703
KNN,True,True,euclidean,3,"cats on, norm on",0,5,6,11,0.8679245283018868
KNN,True,True,euclidean,3,"cats on, norm on",0,5,6,12,0.9056603773584906
KNN,True,True,euclidean,3,"cats on, norm on",0,5,6,13,0.8113207547169812
KNN,True,True,euclidean,3,"cats on, norm on",0,5,6,14,0.9245283018867925
KNN,True,True,euclidean,3,"cats on, norm on",0,5,6,15,0.9074074074074074
KNN,True,True,euclidean,3,"cats on, norm on",0,5,6,16,0.8301886792452831
KNN,True,True,euclidean,3,"cats on, norm on",0,5,6,17,0.9056603773584906
KNN,True,True,euclidean,3,"cats on, norm on",0,5,6,18,0.8867924528301887
KNN,True,True,euclidean,3,"cats on, norm on",0,5,6,19,0.9056603773584906
KNN,True,True,euclidean,3,"cats on, norm on",0,5,6,20,0.9074074074074074
KNN,True,True,euclidean,3,"cats on, norm on",0,5,6,21,0.8679245283018868
KNN,True,True,euclidean,3,"cats on, norm on",0,5,6,22,0.9056603773584906
KNN,True,True,euclidean,3,"cats on, norm on",0,5,6,23,0.9056603773584906
KNN,True,True,euclidean,3,"cats on, norm on",0,5,6,24,0.9245283018867925
KNN,True,True,euclidean,3,"cats on, norm on",0,5,6,25,0.9629629629629629
KNN,True,True,euclidean,3,"cats on, norm on",0,5,6,26,0.8490566037735849
KNN,True,True,euclidean,3,"cats on, norm on",0,5,6,27,0.9245283018867925
KNN,True,True,euclidean,3,"cats on, norm on",0,5,6,28,0.8490566037735849
KNN,True,True,euclidean,3,"cats on, norm on",0,5,6,29,0.8867924528301887
KNN,True,True,euclidean,5,"cats on, norm on",0,5,6,0,0.9814814814814815
KNN,True,True,euclidean,5,"cats on, norm on",0,5,6,1,0.9056603773584906
KNN,True,True,euclidean,5,"cats on, norm on",0,5,6,2,0.8679245283018868
KNN,True,True,euclidean,5,"cats on, norm on",0,5,6,3,0.8679245283018868
KNN,True,True,euclidean,5,"cats on, norm on",0,5,6,4,0.9245283018867925
KNN,True,True,euclidean,5,"cats on, norm on",0,5,6,5,0.9444444444444444
KNN,True,True,euclidean,5,"cats on, norm on",0,5,6,6,0.8113207547169812
KNN,True,True,euclidean,5,"cats on, norm on",0,5,6,7,0.8679245283018868
KNN,True,True,euclidean,5,"cats on, norm on",0,5,6,8,0.9245283018867925
KNN,True,True,euclidean,5,"cats on, norm on",0,5,6,9,0.9433962264150944
KNN,True,True,euclidean,5,"cats on, norm on",0,5,6,10,0.9259259259259259
KNN,True,True,euclidean,5,"cats on, norm on",0,5,6,11,0.8679245283018868
KNN,True,True,euclidean,5,"cats on, norm on",0,5,6,12,0.9433962264150944
KNN,True,True,euclidean,5,"cats on, norm on",0,5,6,13,0.8113207547169812
KNN,True,True,euclidean,5,"cats on, norm on",0,5,6,14,0.9433962264150944
KNN,True,True,euclidean,5,"cats on, norm on",0,5,6,15,0.9444444444444444
KNN,True,True,euclidean,5,"cats on, norm on",0,5,6,16,0.8301886792452831
KNN,True,True,euclidean,5,"cats on, norm on",0,5,6,17,0.9245283018867925
KNN,True,True,euclidean,5,"cats on, norm on",0,5,6,18,0.9245283018867925
KNN,True,True,euclidean,5,"cats on, norm on",0,5,6,19,0.9056603773584906
KNN,True,True,euclidean,5,"cats on, norm on",0,5,6,20,0.9444444444444444
KNN,True,True,euclidean,5,"cats on, norm on",0,5,6,21,0.8490566037735849
KNN,True,True,euclidean,5,"cats on, norm on",0,5,6,22,0.9056603773584906
KNN,True,True,euclidean,5,"cats on, norm on",0,5,6,23,0.9245283018867925
KNN,True,True,euclidean,5,"cats on, norm on",0,5,6,24,0.9245283018867925
KNN,True,True,euclidean,5,"cats on, norm on",0,5,6,25,0.9444444444444444
KNN,True,True,euclidean,5,"cats on, norm on",0,5,6,26,0.9056603773584906
KNN,True,True,euclidean,5,"cats on, norm on",0,5,6,27,0.9245283018867925
KNN,True,True,euclidean,5,"cats on, norm on",0,5,6,28,0.8679245283018868
KNN,True,True,euclidean,5,"cats on, norm on",0,5,6,29,0.8867924528301887
KNN,True,True,euclidean,9,"cats on, norm on",0,5,6,0,0.9074074074074074
KNN,True,True,euclidean,9,"cats on, norm on",0,5,6,1,0.9433962264150944
KNN,True,True,euclidean,9,"cats on, norm on",0,5,6,2,0.8679245283018868
KNN,True,True,euclidean,9,"cats on, norm on",0,5,6,3,0.8301886792452831
KNN,True,True,euclidean,9,"cats on, norm on",0,5,6,4,0.9245283018867925
KNN,True,True,euclidean,9,"cats on, norm on",0,5,6,5,0.9074074074074074
KNN,True,True,euclidean,9,"cats on, norm on",0,5,6,6,0.8679245283018868
KNN,True,True,euclidean,9,"cats on, norm on",0,5,6,7,0.8301886792452831
KNN,True,True,euclidean,9,"cats on, norm on",0,5,6,8,0.9622641509433962
KNN,True,True,euclidean,9,"cats on, norm on",0,5,6,9,0.9245283018867925
KNN,True,True,euclidean,9,"cats on, norm on",0,5,6,10,0.8888888888888888
KNN,True,True,euclidean,9,"cats on, norm on",0,5,6,11,0.9056603773584906
KNN,True,True,euclidean,9,"cats on, norm on",0,5,6,12,0.9433962264150944
KNN,True,True,euclidean,9,"cats on, norm on",0,5,6,13,0.8301886792452831
KNN,True,True,euclidean,9,"cats on, norm on",0,5,6,14,0.9433962264150944
KNN,True,True,euclidean,9,"cats on, norm on",0,5,6,15,0.9444444444444444
KNN,True,True,euclidean,9,"cats on, norm on",0,5,6,16,0.8301886792452831
KNN,True,True,euclidean,9,"cats on, norm on",0,5,6,17,0.9245283018867925
KNN,True,True,euclidean,9,"cats on, norm on",0,5,6,18,0.9245283018867925
KNN,True,True,euclidean,9,"cats on, norm on",0,5,6,19,0.9056603773584906
KNN,True,True,euclidean,9,"cats on, norm on",0,5,6,20,0.9074074074074074
KNN,True,True,euclidean,9,"cats on, norm on",0,5,6,21,0.8679245283018868
KNN,True,True,euclidean,9,"cats on, norm on",0,5,6,22,0.9245283018867925
KNN,True,True,euclidean,9,"cats on, norm on",0,5,6,23,0.9245283018867925
KNN,True,True,euclidean,9,"cats on, norm on",0,5,6,24,0.9056603773584906
KNN,True,True,euclidean,9,"cats on, norm on",0,5,6,25,0.9259259259259259
KNN,True,True,euclidean,9,"cats on, norm on",0,5,6,26,0.8867924528301887
KNN,True,True,euclidean,9,"cats on, norm on",0,5,6,27,0.9056603773584906
KNN,True,True,euclidean,9,"cats on, norm on",0,5,6,28,0.8679245283018868
KNN,True,True,euclidean,9,"cats on, norm on",0,5,6,29,0.8867924528301887
KNN,True,True,euclidean,15,"cats on, norm on",0,5,6,0,0.9444444444444444
KNN,True,True,euclidean,15,"cats on, norm on",0,5,6,1,0.9433962264150944
KNN,True,True,euclidean,15,"cats on, norm on",0,5,6,2,0.8867924528301887
KNN,True,True,euclidean,15,"cats on, norm on",0,5,6,3,0.8679245283018868
KNN,True,True,euclidean,15,"cats on, norm on",0,5,6,4,0.9245283018867925
KNN,True,True,euclidean,15,"cats on, norm on",0,5,6,5,0.9259259259259259
KNN,True,True,euclidean,15,"cats on, norm on",0,5,6,6,0.8679245283018868
KNN,True,True,euclidean,15,"cats on, norm on",0,5,6,7,0.8113207547169812
KNN,True,True,euclidean,15,"cats on, norm on",0,5,6,8,0.9245283018867925
KNN,True,True,euclidean,15,"cats on, norm on",0,5,6,9,0.9245283018867925
KNN,True,True,euclidean,15,"cats on, norm on",0,5,6,10,0.8703703703703703
KNN,True,True,euclidean,15,"cats on, norm on",0,5,6,11,0.9245283018867925
KNN,True,True,euclidean,15,"cats on, norm on",0,5,6,12,0.9433962264150944
KNN,True,True,euclidean,15,"cats on, norm on",0,5,6,13,0.8679245283018868
KNN,True,True,euclidean,15,"cats on, norm on",0,5,6,14,0.9433962264150944
KNN,True,True,euclidean,15,"cats on, norm on",0,5,6,15,0.9259259259259259
KNN,True,True,euclidean,15,"cats on, norm on",0,5,6,16,0.8301886792452831
KNN,True,True,euclidean,15,"cats on, norm on",0,5,6,17,0.8867924528301887
KNN,True,True,euclidean,15,"cats on, norm on",0,5,6,18,0.8867924528301887
KNN,True,True,euclidean,15,"cats on, norm on",0,5,6,19,0.9056603773584906
KNN,True,True,euclidean,15,"cats on, norm on",0,5,6,20,0.9074074074074074
KNN,True,True,euclidean,15,"cats on, norm on",0,5,6,21,0.8867924528301887
KNN,True,True,euclidean,15,"cats on, norm on",0,5,6,22,0.9056603773584906
KNN,True,True,euclidean,15,"cats on, norm on",0,5,6,23,0.8490566037735849
KNN,True,True,euclidean,15,"cats on, norm on",0,5,6,24,0.9433962264150944
KNN,True,True,euclidean,15,"cats on, norm on",0,5,6,25,0.9444444444444444
KNN,True,True,euclidean,15,"cats on, norm on",0,5,6,26,0.8867924528301887
KNN,True,True,euclidean,15,"cats on, norm on",0,5,6,27,0.9245283018867925
KNN,True,True,euclidean,15,"cats on, norm on",0,5,6,28,0.8679245283018868
KNN,True,True,euclidean,15,"cats on, norm on",0,5,6,29,0.8867924528301887
KNN,True,True,euclidean,25,"cats on, norm on",0,5,6,0,0.8888888888888888
KNN,True,True,euclidean,25,"cats on, norm on",0,5,6,1,0.7924528301886793
KNN,True,True,euclidean,25,"cats on, norm on",0,5,6,2,0.8679245283018868
KNN,True,True,euclidean,25,"cats on, norm on",0,5,6,3,0.8113207547169812
KNN,True,True,euclidean,25,"cats on, norm on",0,5,6,4,0.8867924528301887
KNN,True,True,euclidean,25,"cats on, norm on",0,5,6,5,0.9259259259259259
KNN,True,True,euclidean,25,"cats on, norm on",0,5,6,6,0.7924528301886793
KNN,True,True,euclidean,25,"cats on, norm on",0,5,6,7,0.6792452830188679
KNN,True,True,euclidean,25,"cats on, norm on",0,5,6,8,0.7547169811320755
KNN,True,True,euclidean,25,"cats on, norm on",0,5,6,9,0.8679245283018868
KNN,True,True,euclidean,25,"cats on, norm on",0,5,6,10,0.8518518518518519
KNN,True,True,euclidean,25,"cats on, norm on",0,5,6,11,0.8113207547169812
KNN,True,True,euclidean,25,"cats on, norm on",0,5,6,12,0.9245283018867925
KNN,True,True,euclidean,25,"cats on, norm on",0,5,6,13,0.8113207547169812
KNN,True,True,euclidean,25,"cats on, norm on",0,5,6,14,0.9245283018867925
KNN,True,True,euclidean,25,"cats on, norm on",0,5,6,15,0.8888888888888888
KNN,True,True,euclidean,25,"cats on, norm on",0,5,6,16,0.8301886792452831
KNN,True,True,euclidean,25,"cats on, norm on",0,5,6,17,0.8490566037735849
KNN,True,True,euclidean,25,"cats on, norm on",0,5,6,18,0.8867924528301887
KNN,True,True,euclidean,25,"cats on, norm on",0,5,6,19,0.8867924528301887
KNN,True,True,euclidean,25,"cats on, norm on",0,5,6,20,0.8518518518518519
KNN,True,True,euclidean,25,"cats on, norm on",0,5,6,21,0.8301886792452831
KNN,True,True,euclidean,25,"cats on, norm on",0,5,6,22,0.9245283018867925
KNN,True,True,euclidean,25,"cats on, norm on",0,5,6,23,0.8113207547169812
KNN,True,True,euclidean,25,"cats on, norm on",0,5,6,24,0.8867924528301887
KNN,True,True,euclidean,25,"cats on, norm on",0,5,6,25,0.8888888888888888
KNN,True,True,euclidean,25,"cats on, norm on",0,5,6,26,0.8867924528301887
KNN,True,True,euclidean,25,"cats on, norm on",0,5,6,27,0.9245283018867925
KNN,True,True,euclidean,25,"cats on, norm on",0,5,6,28,0.7169811320754716
KNN,True,True,euclidean,25,"cats on, norm on",0,5,6,29,0.8490566037735849
KNN,True,True,euclidean,45,"cats on, norm on",0,5,6,0,0.7962962962962963
KNN,True,True,euclidean,45,"cats on, norm on",0,5,6,1,0.7924528301886793
KNN,True,True,euclidean,45,"cats on, norm on",0,5,6,2,0.8490566037735849
KNN,True,True,euclidean,45,"cats on, norm on",0,5,6,3,0.7924528301886793
KNN,True,True,euclidean,45,"cats on, norm on",0,5,6,4,0.7547169811320755
KNN,True,True,euclidean,45,"cats on, norm on",0,5,6,5,0.8703703703703703
KNN,True,True,euclidean,45,"cats on, norm on",0,5,6,6,0.7924528301886793
KNN,True,True,euclidean,45,"cats on, norm on",0,5,6,7,0.8301886792452831
KNN,True,True,euclidean,45,"cats on, norm on",0,5,6,8,0.8867924528301887
KNN,True,True,euclidean,45,"cats on, norm on",0,5,6,9,0.7735849056603774
KNN,True,True,euclidean,45,"cats on, norm on",0,5,6,10,0.8148148148148148
KNN,True,True,euclidean,45,"cats on, norm on",0,5,6,11,0.8301886792452831
KNN,True,True,euclidean,45,"cats on, norm on",0,5,6,12,0.7547169811320755
KNN,True,True,euclidean,45,"cats on, norm on",0,5,6,13,0.9245283018867925
KNN,True,True,euclidean,45,"cats on, norm on",0,5,6,14,0.7735849056603774
KNN,True,True,euclidean,45,"cats on, norm on",0,5,6,15,0.8333333333333334
KNN,True,True,euclidean,45,"cats on, norm on",0,5,6,16,0.7924528301886793
KNN,True,True,euclidean,45,"cats on, norm on",0,5,6,17,0.8490566037735849
KNN,True,True,euclidean,45,"cats on, norm on",0,5,6,18,0.9056603773584906
KNN,True,True,euclidean,45,"cats on, norm on",0,5,6,19,0.7547169811320755
KNN,True,True,euclidean,45,"cats on, norm on",0,5,6,20,0.7592592592592593
KNN,True,True,euclidean,45,"cats on, norm on",0,5,6,21,0.7547169811320755
KNN,True,True,euclidean,45,"cats on, norm on",0,5,6,22,0.8113207547169812
KNN,True,True,euclidean,45,"cats on, norm on",0,5,6,23,0.9056603773584906
KNN,True,True,euclidean,45,"cats on, norm on",0,5,6,24,0.9433962264150944
KNN,True,True,euclidean,45,"cats on, norm on",0,5,6,25,0.7962962962962963
KNN,True,True,euclidean,45,"cats on, norm on",0,5,6,26,0.8301886792452831
KNN,True,True,euclidean,45,"cats on, norm on",0,5,6,27,0.8301886792452831
KNN,True,True,euclidean,45,"cats on, norm on",0,5,6,28,0.8301886792452831
KNN,True,True,euclidean,45,"cats on, norm on",0,5,6,29,0.8301886792452831
KNN,True,True,manhattan,1,"cats on, norm on",0,5,6,0,0.9074074074074074
KNN,True,True,manhattan,1,"cats on, norm on",0,5,6,1,0.8867924528301887
KNN,True,True,manhattan,1,"cats on, norm on",0,5,6,2,0.8867924528301887
KNN,True,True,manhattan,1,"cats on, norm on",0,5,6,3,0.8679245283018868
KNN,True,True,manhattan,1,"cats on, norm on",0,5,6,4,0.8679245283018868
KNN,True,True,manhattan,1,"cats on, norm on",0,5,6,5,0.8518518518518519
KNN,True,True,manhattan,1,"cats on, norm on",0,5,6,6,0.8679245283018868
KNN,True,True,manhattan,1,"cats on, norm on",0,5,6,7,0.8490566037735849
KNN,True,True,manhattan,1,"cats on, norm on",0,5,6,8,0.9056603773584906
KNN,True,True,manhattan,1,"cats on, norm on",0,5,6,9,0.8867924528301887
KNN,True,True,manhattan,1,"cats on, norm on",0,5,6,10,0.8888888888888888
KNN,True,True,manhattan,1,"cats on, norm on",0,5,6,11,0.8490566037735849
KNN,True,True,manhattan,1,"cats on, norm on",0,5,6,12,0.8867924528301887
KNN,True,True,manhattan,1,"cats on, norm on",0,5,6,13,0.8679245283018868
KNN,True,True,manhattan,1,"cats on, norm on",0,5,6,14,0.9245283018867925
KNN,True,True,manhattan,1,"cats on, norm on",0,5,6,15,0.9074074074074074
KNN,True,True,manhattan,1,"cats on, norm on",0,5,6,16,0.8113207547169812
KNN,True,True,manhattan,1,"cats on, norm on",0,5,6,17,0.9245283018867925
KNN,True,True,manhattan,1,"cats on, norm on",0,5,6,18,0.8867924528301887
KNN,True,True,manhattan,1,"cats on, norm on",0,5,6,19,0.8679245283018868
KNN,True,True,manhattan,1,"cats on, norm on",0,5,6,20,0.8703703703703703
KNN,True,True,manhattan,1,"cats on, norm on",0,5,6,21,0.8301886792452831
KNN,True,True,manhattan,1,"cats on, norm on",0,5,6,22,0.8679245283018868
KNN,True,True,manhattan,1,"cats on, norm on",0,5,6,23,0.9056603773584906
KNN,True,True,manhattan,1,"cats on, norm on",0,5,6,24,0.8679245283018868
KNN,True,True,manhattan,1,"cats on, norm on",0,5,6,25,0.9074074074074074
KNN,True,True,manhattan,1,"cats on, norm on",0,5,6,26,0.8867924528301887
KNN,True,True,manhattan,1,"cats on, norm on",0,5,6,27,0.8867924528301887
KNN,True,True,manhattan,1,"cats on, norm on",0,5,6,28,0.8490566037735849
KNN,True,True,manhattan,1,"cats on, norm on",0,5,6,29,0.8867924528301887
KNN,True,True,manhattan,3,"cats on, norm on",0,5,6,0,0.9074074074074074
KNN,True,True,manhattan,3,"cats on, norm on",0,5,6,1,0.9245283018867925
KNN,True,True,manhattan,3,"cats on, norm on",0,5,6,2,0.8867924528301887
KNN,True,True,manhattan,3,"cats on, norm on",0,5,6,3,0.8301886792452831
KNN,True,True,manhattan,3,"cats on, norm on",0,5,6,4,0.8679245283018868
KNN,True,True,manhattan,3,"cats on, norm on",0,5,6,5,0.9444444444444444
KNN,True,True,manhattan,3,"cats on, norm on",0,5,6,6,0.8301886792452831
KNN,True,True,manhattan,3,"cats on, norm on",0,5,6,7,0.8867924528301887
KNN,True,True,manhattan,3,"cats on, norm on",0,5,6,8,0.8867924528301887
KNN,True,True,manhattan,3,"cats on, norm on",0,5,6,9,0.8867924528301887
KNN,True,True,manhattan,3,"cats on, norm on",0,5,6,10,0.8703703703703703
KNN,True,True,manhattan,3,"cats on, norm on",0,5,6,11,0.8490566037735849
KNN,True,True,manhattan,3,"cats on, norm on",0,5,6,12,0.9056603773584906
KNN,True,True,manhattan,3,"cats on, norm on",0,5,6,13,0.8113207547169812
KNN,True,True,manhattan,3,"cats on, norm on",0,5,6,14,0.9433962264150944
KNN,True,True,manhattan,3,"cats on, norm on",0,5,6,15,0.8888888888888888
KNN,True,True,manhattan,3,"cats on, norm on",0,5,6,16,0.8301886792452831
KNN,True,True,manhattan,3,"cats on, norm on",0,5,6,17,0.9056603773584906
KNN,True,True,manhattan,3,"cats on, norm on",0,5,6,18,0.9056603773584906
KNN,True,True,manhattan,3,"cats on, norm on",0,5,6,19,0.9245283018867925
KNN,True,True,manhattan,3,"cats on, norm on",0,5,6,20,0.8888888888888888
KNN,True,True,manhattan,3,"cats on, norm on",0,5,6,21,0.8490566037735849
KNN,True,True,manhattan,3,"cats on, norm on",0,5,6,22,0.8867924528301887
KNN,True,True,manhattan,3,"cats on, norm on",0,5,6,23,0.9245283018867925
KNN,True,True,manhattan,3,"cats on, norm on",0,5,6,24,0.9433962264150944
KNN,True,True,manhattan,3,"cats on, norm on",0,5,6,25,0.9629629629629629
KNN,True,True,manhattan,3,"cats on, norm on",0,5,6,26,0.9056603773584906
KNN,True,True,manhattan,3,"cats on, norm on",0,5,6,27,0.9245283018867925
KNN,True,True,manhattan,3,"cats on, norm on",0,5,6,28,0.8301886792452831
KNN,True,True,manhattan,3,"cats on, norm on",0,5,6,29,0.9056603773584906
KNN,True,True,manhattan,5,"cats on, norm on",0,5,6,0,0.9259259259259259
KNN,True,True,manhattan,5,"cats on, norm on",0,5,6,1,0.8867924528301887
KNN,True,True,manhattan,5,"cats on, norm on",0,5,6,2,0.8679245283018868
KNN,True,True,manhattan,5,"cats on, norm on",0,5,6,3,0.8867924528301887
KNN,True,True,manhattan,5,"cats on, norm on",0,5,6,4,0.9056603773584906
KNN,True,True,manhattan,5,"cats on, norm on",0,5,6,5,0.9259259259259259
KNN,True,True,manhattan,5,"cats on, norm on",0,5,6,6,0.7924528301886793
KNN,True,True,manhattan,5,"cats on, norm on",0,5,6,7,0.8301886792452831
KNN,True,True,manhattan,5,"cats on, norm on",0,5,6,8,0.9056603773584906
KNN,True,True,manhattan,5,"cats on, norm on",0,5,6,9,0.9245283018867925
KNN,True,True,manhattan,5,"cats on, norm on",0,5,6,10,0.8518518518518519
KNN,True,True,manhattan,5,"cats on, norm on",0,5,6,11,0.8867924528301887
KNN,True,True,manhattan,5,"cats on, norm on",0,5,6,12,0.9622641509433962
KNN,True,True,manhattan,5,"cats on, norm on",0,5,6,13,0.8113207547169812
KNN,True,True,manhattan,5,"cats on, norm on",0,5,6,14,0.9433962264150944
KNN,True,True,manhattan,5,"cats on, norm on",0,5,6,15,0.9074074074074074
KNN,True,True,manhattan,5,"cats on, norm on",0,5,6,16,0.8490566037735849
KNN,True,True,manhattan,5,"cats on, norm on",0,5,6,17,0.9245283018867925
KNN,True,True,manhattan,5,"cats on, norm on",0,5,6,18,0.9056603773584906
KNN,True,True,manhattan,5,"cats on, norm on",0,5,6,19,0.9433962264150944
KNN,True,True,manhattan,5,"cats on, norm on",0,5,6,20,0.9259259259259259
KNN,True,True,manhattan,5,"cats on, norm on",0,5,6,21,0.8679245283018868
KNN,True,True,manhattan,5,"cats on, norm on",0,5,6,22,0.9056603773584906
KNN,True,True,manhattan,5,"cats on, norm on",0,5,6,23,0.9056603773584906
KNN,True,True,manhattan,5,"cats on, norm on",0,5,6,24,0.9433962264150944
KNN,True,True,manhattan,5,"cats on, norm on",0,5,6,25,0.9444444444444444
KNN,True,True,manhattan,5,"cats on, norm on",0,5,6,26,0.9245283018867925
KNN,True,True,manhattan,5,"cats on, norm on",0,5,6,27,0.9433962264150944
KNN,True,True,manhattan,5,"cats on, norm on",0,5,6,28,0.8490566037735849
KNN,True,True,manhattan,5,"cats on, norm on",0,5,6,29,0.8490566037735849
KNN,True,True,manhattan,9,"cats on, norm on",0,5,6,0,0.8888888888888888
KNN,True,True,manhattan,9,"cats on, norm on",0,5,6,1,0.9245283018867925
KNN,True,True,manhattan,9,"cats on, norm on",0,5,6,2,0.8679245283018868
KNN,True,True,manhattan,9,"cats on, norm on",0,5,6,3,0.8490566037735849
KNN,True,True,manhattan,9,"cats on, norm on",0,5,6,4,0.9056603773584906
KNN,True,True,manhattan,9,"cats on, norm on",0,5,6,5,0.8888888888888888
KNN,True,True,manhattan,9,"cats on, norm on",0,5,6,6,0.8113207547169812
KNN,True,True,manhattan,9,"cats on, norm on",0,5,6,7,0.8490566037735849
KNN,True,True,manhattan,9,"cats on, norm on",0,5,6,8,0.9056603773584906
KNN,True,True,manhattan,9,"cats on, norm on",0,5,6,9,0.9245283018867925
KNN,True,True,manhattan,9,"cats on, norm on",0,5,6,10,0.8703703703703703
KNN,True,True,manhattan,9,"cats on, norm on",0,5,6,11,0.9056603773584906
KNN,True,True,manhattan,9,"cats on, norm on",0,5,6,12,0.9433962264150944
KNN,True,True,manhattan,9,"cats on, norm on",0,5,6,13,0.8490566037735849
KNN,True,True,manhattan,9,"cats on, norm on",0,5,6,14,0.9433962264150944
KNN,True,True,manhattan,9,"cats on, norm on",0,5,6,15,0.9444444444444444
KNN,True,True,manhattan,9,"cats on, norm on",0,5,6,16,0.8490566037735849
KNN,True,True,manhattan,9,"cats on, norm on",0,5,6,17,0.9056603773584906
KNN,True,True,manhattan,9,"cats on, norm on",0,5,6,18,0.8867924528301887
KNN,True,True,manhattan,9,"cats on, norm on",0,5,6,19,0.8867924528301887
KNN,True,True,manhattan,9,"cats on, norm on",0,5,6,20,0.9074074074074074
KNN,True,True,manhattan,9,"cats on, norm on",0,5,6,21,0.8679245283018868
KNN,True,True,manhattan,9,"cats on, norm on",0,5,6,22,0.8867924528301887
KNN,True,True,manhattan,9,"cats on, norm on",0,5,6,23,0.9245283018867925
KNN,True,True,manhattan,9,"cats on, norm on",0,5,6,24,0.9245283018867925
KNN,True,True,manhattan,9,"cats on, norm on",0,5,6,25,0.9259259259259259
KNN,True,True,manhattan,9,"cats on, norm on",0,5,6,26,0.9056603773584906
KNN,True,True,manhattan,9,"cats on, norm on",0,5,6,27,0.9245283018867925
KNN,True,True,manhattan,9,"cats on, norm on",0,5,6,28,0.8679245283018868
KNN,True,True,manhattan,9,"cats on, norm on",0,5,6,29,0.8679245283018868
KNN,True,True,manhattan,15,"cats on, norm on",0,5,6,0,0.9074074074074074
KNN,True,True,manhattan,15,"cats on, norm on",0,5,6,1,0.9245283018867925
KNN,True,True,manhattan,15,"cats on, norm on",0,5,6,2,0.8490566037735849
KNN,True,True,manhattan,15,"cats on, norm on",0,5,6,3,0.8301886792452831
KNN,True,True,manhattan,15,"cats on, norm on",0,5,6,4,0.9056603773584906
KNN,True,True,manhattan,15,"cats on, norm on",0,5,6,5,0.9074074074074074
KNN,True,True,manhattan,15,"cats on, norm on",0,5,6,6,0.8113207547169812
KNN,True,True,manhattan,15,"cats on, norm on",0,5,6,7,0.8301886792452831
KNN,True,True,manhattan,15,"cats on, norm on",0,5,6,8,0.9056603773584906
KNN,True,True,manhattan,15,"cats on, norm on",0,5,6,9,0.9245283018867925
KNN,True,True,manhattan,15,"cats on, norm on",0,5,6,10,0.8703703703703703
KNN,True,True,manhattan,15,"cats on, norm on",0,5,6,11,0.9056603773584906
KNN,True,True,manhattan,15,"cats on, norm on",0,5,6,12,0.9433962264150944
KNN,True,True,manhattan,15,"cats on, norm on",0,5,6,13,0.8490566037735849
KNN,True,True,manhattan,15,"cats on, norm on",0,5,6,14,0.9433962264150944
KNN,True,True,manhattan,15,"cats on, norm on",0,5,6,15,0.9444444444444444
KNN,True,True,manhattan,15,"cats on, norm on",0,5,6,16,0.8490566037735849
KNN,True,True,manhattan,15,"cats on, norm on",0,5,6,17,0.9245283018867925
KNN,True,True,manhattan,15,"cats on, norm on",0,5,6,18,0.8679245283018868
KNN,True,True,manhattan,15,"cats on, norm on",0,5,6,19,0.8867924528301887
KNN,True,True,manhattan,15,"cats on, norm on",0,5,6,20,0.9259259259259259
KNN,True,True,manhattan,15,"cats on, norm on",0,5,6,21,0.8490566037735849
KNN,True,True,manhattan,15,"cats on, norm on",0,5,6,22,0.9245283018867925
KNN,True,True,manhattan,15,"cats on, norm on",0,5,6,23,0.9056603773584906
KNN,True,True,manhattan,15,"cats on, norm on",0,5,6,24,0.9433962264150944
KNN,True,True,manhattan,15,"cats on, norm on",0,5,6,25,0.9074074074074074
KNN,True,True,manhattan,15,"cats on, norm on",0,5,6,26,0.8867924528301887
KNN,True,True,manhattan,15,"cats on, norm on",0,5,6,27,0.9433962264150944
KNN,True,True,manhattan,15,"cats on, norm on",0,5,6,28,0.8867924528301887
KNN,True,True,manhattan,15,"cats on, norm on",0,5,6,29,0.8679245283018868
KNN,True,True,manhattan,25,"cats on, norm on",0,5,6,0,0.8888888888888888
KNN,True,True,manhattan,25,"cats on, norm on",0,5,6,1,0.7924528301886793
KNN,True,True,manhattan,25,"cats on, norm on",0,5,6,2,0.9056603773584906
KNN,True,True,manhattan,25,"cats on, norm on",0,5,6,3,0.8113207547169812
KNN,True,True,manhattan,25,"cats on, norm on",0,5,6,4,0.8867924528301887
KNN,True,True,manhattan,25,"cats on, norm on",0,5,6,5,0.9444444444444444
KNN,True,True,manhattan,25,"cats on, norm on",0,5,6,6,0.7358490566037735
KNN,True,True,manhattan,25,"cats on, norm on",0,5,6,7,0.6792452830188679
KNN,True,True,manhattan,25,"cats on, norm on",0,5,6,8,0.7735849056603774
KNN,True,True,manhattan,25,"cats on, norm on",0,5,6,9,0.8679245283018868
KNN,True,True,manhattan,25,"cats on, norm on",0,5,6,10,0.8703703703703703
KNN,True,True,manhattan,25,"cats on, norm on",0,5,6,11,0.7924528301886793
KNN,True,True,manhattan,25,"cats on, norm on",0,5,6,12,0.9245283018867925
KNN,True,True,manhattan,25,"cats on, norm on",0,5,6,13,0.7924528301886793
KNN,True,True,manhattan,25,"cats on, norm on",0,5,6,14,0.9433962264150944
KNN,True,True,manhattan,25,"cats on, norm on",0,5,6,15,0.9074074074074074
KNN,True,True,manhattan,25,"cats on, norm on",0,5,6,16,0.8490566037735849
KNN,True,True,manhattan,25,"cats on, norm on",0,5,6,17,0.8301886792452831
KNN,True,True,manhattan,25,"cats on, norm on",0,5,6,18,0.9056603773584906
KNN,True,True,manhattan,25,"cats on, norm on",0,5,6,19,0.8679245283018868
KNN,True,True,manhattan,25,"cats on, norm on",0,5,6,20,0.8333333333333334
KNN,True,True,manhattan,25,"cats on, norm on",0,5,6,21,0.8490566037735849
KNN,True,True,manhattan,25,"cats on, norm on",0,5,6,22,0.9056603773584906
KNN,True,True,manhattan,25,"cats on, norm on",0,5,6,23,0.8301886792452831
KNN,True,True,manhattan,25,"cats on, norm on",0,5,6,24,0.8679245283018868
KNN,True,True,manhattan,25,"cats on, norm on",0,5,6,25,0.8703703703703703
KNN,True,True,manhattan,25,"cats on, norm on",0,5,6,26,0.8679245283018868
KNN,True,True,manhattan,25,"cats on, norm on",0,5,6,27,0.9245283018867925
KNN,True,True,manhattan,25,"cats on, norm on",0,5,6,28,0.7169811320754716
KNN,True,True,manhattan,25,"cats on, norm on",0,5,6,29,0.8679245283018868
KNN,True,True,manhattan,45,"cats on, norm on",0,5,6,0,0.7962962962962963
KNN,True,True,manhattan,45,"cats on, norm on",0,5,6,1,0.7547169811320755
KNN,True,True,manhattan,45,"cats on, norm on",0,5,6,2,0.8113207547169812
KNN,True,True,manhattan,45,"cats on, norm on",0,5,6,3,0.7924528301886793
KNN,True,True,manhattan,45,"cats on, norm on",0,5,6,4,0.7924528301886793
KNN,True,True,manhattan,45,"cats on, norm on",0,5,6,5,0.8888888888888888
KNN,True,True,manhattan,45,"cats on, norm on",0,5,6,6,0.7169811320754716
KNN,True,True,manhattan,45,"cats on, norm on",0,5,6,7,0.8867924528301887
KNN,True,True,manhattan,45,"cats on, norm on",0,5,6,8,0.9056603773584906
KNN,True,True,manhattan,45,"cats on, norm on",0,5,6,9,0.7547169811320755
KNN,True,True,manhattan,45,"cats on, norm on",0,5,6,10,0.8148148148148148
KNN,True,True,manhattan,45,"cats on, norm on",0,5,6,11,0.8113207547169812
KNN,True,True,manhattan,45,"cats on, norm on",0,5,6,12,0.7547169811320755
KNN,True,True,manhattan,45,"cats on, norm on",0,5,6,13,0.8867924528301887
KNN,True,True,manhattan,45,"cats on, norm on",0,5,6,14,0.8113207547169812
KNN,True,True,manhattan,45,"cats on, norm on",0,5,6,15,0.8148148148148148
KNN,True,True,manhattan,45,"cats on, norm on",0,5,6,16,0.8113207547169812
KNN,True,True,manhattan,45,"cats on, norm on",0,5,6,17,0.8301886792452831
KNN,True,True,manhattan,45,"cats on, norm on",0,5,6,18,0.8867924528301887
KNN,True,True,manhattan,45,"cats on, norm on",0,5,6,19,0.7735849056603774
KNN,True,True,manhattan,45,"cats on, norm on",0,5,6,20,0.7592592592592593
KNN,True,True,manhattan,45,"cats on, norm on",0,5,6,21,0.7735849056603774
KNN,True,True,manhattan,45,"cats on, norm on",0,5,6,22,0.8113207547169812
KNN,True,True,manhattan,45,"cats on, norm on",0,5,6,23,0.9245283018867925
KNN,True,True,manhattan,45,"cats on, norm on",0,5,6,24,0.9433962264150944
KNN,True,True,manhattan,45,"cats on, norm on",0,5,6,25,0.7592592592592593
KNN,True,True,manhattan,45,"cats on, norm on",0,5,6,26,0.8301886792452831
KNN,True,True,manhattan,45,"cats on, norm on",0,5,6,27,0.8301886792452831
KNN,True,True,manhattan,45,"cats on, norm on",0,5,6,28,0.7924528301886793
KNN,True,True,manhattan,45,"cats on, norm on",0,5,6,29,0.8301886792452831
Random forest,False,False,-,0,"cats off, norm off",0,5,6,0,0.9259259259259259
Random forest,False,False,-,0,"cats off, norm off",0,5,6,1,0.9056603773584906
Random forest,False,False,-,0,"cats off, norm off",0,5,6,2,0.8867924528301887
Random forest,False,False,-,0,"cats off, norm off",0,5,6,3,0.8113207547169812
Random forest,False,False,-,0,"cats off, norm off",0,5,6,4,0.8490566037735849
Random forest,False,False,-,0,"cats off, norm off",0,5,6,5,0.9444444444444444
Random forest,False,False,-,0,"cats off, norm off",0,5,6,6,0.8113207547169812
Random forest,False,False,-,0,"cats off, norm off",0,5,6,7,0.8679245283018868
Random forest,False,False,-,0,"cats off, norm off",0,5,6,8,0.9622641509433962
Random forest,False,False,-,0,"cats off, norm off",0,5,6,9,0.8490566037735849
Random forest,False,False,-,0,"cats off, norm off",0,5,6,10,0.9074074074074074
Random forest,False,False,-,0,"cats off, norm off",0,5,6,11,0.9433962264150944
Random forest,False,False,-,0,"cats off, norm off",0,5,6,12,0.9433962264150944
Random forest,False,False,-,0,"cats off, norm off",0,5,6,13,0.9245283018867925
Random forest,False,False,-,0,"cats off, norm off",0,5,6,14,0.8867924528301887
Random forest,False,False,-,0,"cats off, norm off",0,5,6,15,0.9629629629629629
Random forest,False,False,-,0,"cats off, norm off",0,5,6,16,0.8679245283018868
Random forest,False,False,-,0,"cats off, norm off",0,5,6,17,0.9245283018867925
Random forest,False,False,-,0,"cats off, norm off",0,5,6,18,0.8490566037735849
Random forest,False,False,-,0,"cats off, norm off",0,5,6,19,0.9056603773584906
Random forest,False,False,-,0,"cats off, norm off",0,5,6,20,0.8703703703703703
Random forest,False,False,-,0,"cats off, norm off",0,5,6,21,0.8867924528301887
Random forest,False,False,-,0,"cats off, norm off",0,5,6,22,0.9245283018867925
Random forest,False,False,-,0,"cats off, norm off",0,5,6,23,0.9245283018867925
Random forest,False,False,-,0,"cats off, norm off",0,5,6,24,0.8867924528301887
Random forest,False,False,-,0,"cats off, norm off",0,5,6,25,0.9259259259259259
Random forest,False,False,-,0,"cats off, norm off",0,5,6,26,0.8301886792452831
Random forest,False,False,-,0,"cats off, norm off",0,5,6,27,0.8867924528301887
Random forest,False,False,-,0,"cats off, norm off",0,5,6,28,0.9433962264150944
Random forest,False,False,-,0,"cats off, norm off",0,5,6,29,0.8867924528301887
Random forest,False,True,-,0,"cats off, norm on",0,5,6,0,0.9444444444444444
Random forest,False,True,-,0,"cats off, norm on",0,5,6,1,0.9056603773584906
Random forest,False,True,-,0,"cats off, norm on",0,5,6,2,0.8867924528301887
Random forest,False,True,-,0,"cats off, norm on",0,5,6,3,0.8113207547169812
Random forest,False,True,-,0,"cats off, norm on",0,5,6,4,0.8490566037735849
Random forest,False,True,-,0,"cats off, norm on",0,5,6,5,0.9444444444444444
Random forest,False,True,-,0,"cats off, norm on",0,5,6,6,0.7924528301886793
Random forest,False,True,-,0,"cats off, norm on",0,5,6,7,0.8679245283018868
Random forest,False,True,-,0,"cats off, norm on",0,5,6,8,0.9811320754716981
Random forest,False,True,-,0,"cats off, norm on",0,5,6,9,0.8490566037735849
Random forest,False,True,-,0,"cats off, norm on",0,5,6,10,0.9074074074074074
Random forest,False,True,-,0,"cats off, norm on",0,5,6,11,0.9433962264150944
Random forest,False,True,-,0,"cats off, norm on",0,5,6,12,0.9433962264150944
Random forest,False,True,-,0,"cats off, norm on",0,5,6,13,0.9245283018867925
Random forest,False,True,-,0,"cats off, norm on",0,5,6,14,0.8867924528301887
Random forest,False,True,-,0,"cats off, norm on",0,5,6,15,0.9629629629629629
Random forest,False,True,-,0,"cats off, norm on",0,5,6,16,0.8679245283018868
Random forest,False,True,-,0,"cats off, norm on",0,5,6,17,0.9245283018867925
Random forest,False,True,-,0,"cats off, norm on",0,5,6,18,0.8679245283018868
Random forest,False,True,-,0,"cats off, norm on",0,5,6,19,0.9056603773584906
Random forest,False,True,-,0,"cats off, norm on",0,5,6,20,0.8888888888888888
Random forest,False,True,-,0,"cats off, norm on",0,5,6,21,0.8867924528301887
Random forest,False,True,-,0,"cats off, norm on",0,5,6,22,0.9245283018867925
Random forest,False,True,-,0,"cats off, norm on",0,5,6,23,0.9245283018867925
Random forest,False,True,-,0,"cats off, norm on",0,5,6,24,0.8867924528301887
Random forest,False,True,-,0,"cats off, norm on",0,5,6,25,0.9074074074074074
Random forest,False,True,-,0,"cats off, norm on",0,5,6,26,0.8301886792452831
Random forest,False,True,-,0,"cats off, norm on",0,5,6,27,0.8679245283018868
Random forest,False,True,-,0,"cats off, norm on",0,5,6,28,0.9433962264150944
Random forest,False,True,-,0,"cats off, norm on",0,5,6,29,0.9056603773584906
Random forest,True,False,-,0,"cats on, norm off",0,5,6,0,0.9259259259259259
Random forest,True,False,-,0,"cats on, norm off",0,5,6,1,0.9245283018867925
Random forest,True,False,-,0,"cats on, norm off",0,5,6,2,0.9056603773584906
Random forest,True,False,-,0,"cats on, norm off",0,5,6,3,0.8679245283018868
Random forest,True,False,-,0,"cats on, norm off",0,5,6,4,0.8113207547169812
Random forest,True,False,-,0,"cats on, norm off",0,5,6,5,0.9629629629629629
Random forest,True,False,-,0,"cats on, norm off",0,5,6,6,0.8679245283018868
Random forest,True,False,-,0,"cats on, norm off",0,5,6,7,0.8679245283018868
Random forest,True,False,-,0,"cats on, norm off",0,5,6,8,0.9433962264150944
Random forest,True,False,-,0,"cats on, norm off",0,5,6,9,0.8490566037735849
Random forest,True,False,-,0,"cats on, norm off",0,5,6,10,0.8888888888888888
Random forest,True,False,-,0,"cats on, norm off",0,5,6,11,0.9056603773584906
Random forest,True,False,-,0,"cats on, norm off",0,5,6,12,0.9622641509433962
Random forest,True,False,-,0,"cats on, norm off",0,5,6,13,0.9056603773584906
Random forest,True,False,-,0,"cats on, norm off",0,5,6,14,0.9056603773584906
Random forest,True,False,-,0,"cats on, norm off",0,5,6,15,0.9444444444444444
Random forest,True,False,-,0,"cats on, norm off",0,5,6,16,0.8679245283018868
Random forest,True,False,-,0,"cats on, norm off",0,5,6,17,0.9245283018867925
Random forest,True,False,-,0,"cats on, norm off",0,5,6,18,0.8679245283018868
Random forest,True,False,-,0,"cats on, norm off",0,5,6,19,0.9056603773584906
Random forest,True,False,-,0,"cats on, norm off",0,5,6,20,0.8703703703703703
Random forest,True,False,-,0,"cats on, norm off",0,5,6,21,0.9056603773584906
Random forest,True,False,-,0,"cats on, norm off",0,5,6,22,0.9245283018867925
Random forest,True,False,-,0,"cats on, norm off",0,5,6,23,0.9056603773584906
Random forest,True,False,-,0,"cats on, norm off",0,5,6,24,0.8867924528301887
Random forest,True,False,-,0,"cats on, norm off",0,5,6,25,0.9074074074074074
Random forest,True,False,-,0,"cats on, norm off",0,5,6,26,0.8490566037735849
Random forest,True,False,-,0,"cats on, norm off",0,5,6,27,0.9245283018867925
Random forest,True,False,-,0,"cats on, norm off",0,5,6,28,0.9433962264150944
Random forest,True,False,-,0,"cats on, norm off",0,5,6,29,0.9056603773584906
Random forest,True,True,-,0,"cats on, norm on",0,5,6,0,0.9259259259259259
Random forest,True,True,-,0,"cats on, norm on",0,5,6,1,0.9245283018867925
Random forest,True,True,-,0,"cats on, norm on",0,5,6,2,0.9056603773584906
Random forest,True,True,-,0,"cats on, norm on",0,5,6,3,0.8867924528301887
Random forest,True,True,-,0,"cats on, norm on",0,5,6,4,0.8113207547169812
Random forest,True,True,-,0,"cats on, norm on",0,5,6,5,0.9629629629629629
Random forest,True,True,-,0,"cats on, norm on",0,5,6,6,0.8679245283018868
Random forest,True,True,-,0,"cats on, norm on",0,5,6,7,0.8679245283018868
Random forest,True,True,-,0,"cats on, norm on",0,5,6,8,0.9433962264150944
Random forest,True,True,-,0,"cats on, norm on",0,5,6,9,0.8490566037735849
Random forest,True,True,-,0,"cats on, norm on",0,5,6,10,0.8888888888888888
Random forest,True,True,-,0,"cats on, norm on",0,5,6,11,0.9056603773584906
Random forest,True,True,-,0,"cats on, norm on",0,5,6,12,0.9622641509433962
Random forest,True,True,-,0,"cats on, norm on",0,5,6,13,0.9056603773584906
Random forest,True,True,-,0,"cats on, norm on",0,5,6,14,0.9056603773584906
Random forest,True,True,-,0,"cats on, norm on",0,5,6,15,0.9444444444444444
Random forest,True,True,-,0,"cats on, norm on",0,5,6,16,0.8679245283018868
Random forest,True,True,-,0,"cats on, norm on",0,5,6,17,0.9245283018867925
Random forest,True,True,-,0,"cats on, norm on",0,5,6,18,0.8679245283018868
Random forest,True,True,-,0,"cats on, norm on",0,5,6,19,0.9056603773584906
Random forest,True,True,-,0,"cats on, norm on",0,5,6,20,0.8703703703703703
Random forest,True,True,-,0,"cats on, norm on",0,5,6,21,0.9056603773584906
Random forest,True,True,-,0,"cats on, norm on",0,5,6,22,0.9245283018867925
Random forest,True,True,-,0,"cats on, norm on",0,5,6,23,0.9056603773584906
Random forest,True,True,-,0,"cats on, norm on",0,5,6,24,0.8867924528301887
Random forest,True,True,-,0,"cats on, norm on",0,5,6,25,0.9074074074074074
Random forest,True,True,-,0,"cats on, norm on",0,5,6,26,0.8490566037735849
Random forest,True,True,-,0,"cats on, norm on",0,5,6,27,0.9245283018867925
Random forest,True,True,-,0,"cats on, norm on",0,5,6,28,0.9433962264150944
Random forest,True,True,-,0,"cats on, norm on",0,5,6,29,0.9056603773584906
